colMock,colGA,colPAC,dp,ga1,ga1GA
4.87994971128079,6.37632009978489,1.12909374277054,7.61616524896801,0.81085793408832,5.42620062546944
3.88616432566984,5.28894343060785,1.42458535162651,4.72699558772022,1.19588777079878,1.8159887303881
3.80758810725769,4.06267569748608,1.04530058619881,5.65518638122131,0.45489520184129,4.19192576718974
5.47171971869427,5.48302489208904,1.20598102217249,6.44686435669118,1.20499314958472,2.51851602088031
2.145074040874,6.27087567386378,0.159537002636399,5.790170158862,0.816130791936214,3.81921022817719
4.94272747155142,5.01391159585034,1.0054129380682,3.78569346094329,0.71721604534828,3.08922187884695
6.64368825841688,6.07630108141938,1.37891955618062,4.83012162134036,0.848691008530874,4.8928462724816
2.65227894185456,3.98357208388798,0.250167411320748,5.08933046403401,0.536640901806267,3.97827668515852
3.50071232419564,5.74445913516138,0.579317149169341,6.37417916432634,0.599447702790458,4.34059958003844
5.35540978149472,4.76698173464459,1.09410295802445,6.18724398714001,1.33493298031626,4.34024539484573
4.98592406434451,6.65488072849811,1.29851565390806,4.88100219377254,0.84720337291291,4.01670694701013
6.42144770234316,5.68393309899001,1.04581957269837,5.21894236558665,0.522254614094849,4.41205833701657
4.39462200870596,6.7597331811787,1.1034081802983,5.33433506285428,1.10423922347021,3.46294565483843
3.70731151472751,6.16347075834161,1.11674674669134,6.20684450544721,0.534055185279339,3.08762239436089
2.89462442244436,5.82830740940442,0.851586959711313,5.52512708685999,0.596802590366185,2.80417470336245
2.47825342266846,5.6485588433653,0.821509685185465,7.60715425899645,0.716147674505887,4.80171133627564
4.88038556917236,4.46083908167248,0.830363204409009,7.2033947536918,1.26212422070534,5.69298300315004
3.49642720540239,4.20167135683795,1.5274402557382,7.59800021806972,0.994846674883009,4.21661616727579
2.25092922141124,4.60355278537091,1.10722882663643,5.70581799054101,1.50812023284924,5.56024428850392
4.20540552731824,5.37059541452777,1.20524002617874,5.92127668917581,0.716222602347727,4.71177069602287
3.1566651102621,4.94717101683728,1.05237528724678,5.82960100174318,1.22248838015446,3.46522620215985
3.09036170869444,6.86698096823374,0.897610942082127,5.41354864640725,0.792474333142746,4.0687154729433
5.08687672932816,5.40014444537401,0.933994496342928,6.99451972399961,0.943765639301669,2.91460015447179
2.7721603122689,5.75917994101951,0.88777663659948,5.38062742584725,1.35052621053959,3.66212811102006
3.60883795486646,6.60753915438329,0.51001386982541,6.73600988846482,0.724916674012905,4.07541158495132
5.0285681613123,4.20091640152393,1.12764534306685,6.8238454768802,1.06661697625405,2.93964171157842
6.01001817382234,6.01627347508404,0.886523913946882,7.45007026347884,0.394745700457656,3.43295431629248
5.21103734662689,5.14561225345498,1.00162065718481,4.50079174811273,1.66075678371901,4.90602061357923
6.63262180409192,5.36422608132461,1.18544782382825,7.4972216398884,0.561977710961941,5.66450294608325
3.20432373729401,5.11682527467088,0.903507130972891,5.10759444063873,1.04755815339334,5.07659345601261
3.73132548748064,6.95247771816889,1.54369582657307,6.18086622379984,1.36713879359495,3.23418556297609
4.48325645355525,5.576658237675,1.13244532172658,4.30691057819775,0.15084961433605,3.86998375486558
5.00608955191492,5.83634790692207,1.12681572109528,6.8732099306532,0.772749758448759,3.53236152438236
5.91104970684626,4.75586149768506,0.351160293737089,4.97698221773951,0.897231604560655,5.53734721393448
3.90494523831834,4.47543918851946,1.00417536871707,6.66390723318153,0.466880648742041,4.4160850923076
4.54618046982544,7.6818745004443,0.602654199030454,6.08424202911675,0.355967300939401,3.70823406437852
3.30884101645019,4.31300346557955,1.1688076415388,7.30448061873328,0.862915012579034,5.51386235089377
4.1283766831694,5.42463912122092,1.48233325933146,6.08277368127881,1.52138590812652,3.68851245509443
4.58137081998126,6.15317538264408,0.804185217420759,5.11382051753217,1.14812235122514,5.821086218358
3.77899764628769,3.00410074477303,1.04426288265557,7.54226021321893,1.06865966613013,3.12231983087178
3.82391256876906,4.51620651870602,1.26261256507464,6.08485807072309,0.793645207704289,4.26642383117683
3.8088779221188,5.39591738239851,1.07441230909495,6.72568420026006,1.08952968439481,3.8506222889065
5.43473793791307,4.97067116141235,0.610014346048341,6.8293058821192,1.3182900097054,3.67017514617695
5.48419118405465,4.69233648067127,0.703286319792947,4.32119406851167,0.722860423201391,5.1178509797523
3.81119096956422,5.63068448072281,1.33612056364018,6.26600324075183,0.788872596281952,5.08910395741985
5.25741836680449,3.92770001216518,1.01013841644458,5.60861813638781,0.783292440727686,4.92170359041039
3.71485464320691,5.27544226314564,0.325971281798588,6.53291833650626,1.25999841117732,3.48634825570756
2.43933904753184,3.16703305565201,1.80383385854722,3.9290274926749,1.11233539680432,3.01449243721625
4.63092088291183,6.02476003625047,0.524502063771679,6.89701964167256,1.26501186252112,4.50561409817156
3.69815410660528,5.71957110424219,1.36382828438375,6.25682467685158,1.32620727220347,3.73644993282833
3.32800866735314,6.87058704741677,1.03586368770001,8.10128031833761,0.682125387945436,2.89502554778622
4.13287230522191,4.62492542890441,0.534412948475041,5.8438245843829,0.198722589857636,4.2702332445068
3.68012602524369,5.54830817322671,0.907641497864091,6.5405354271033,1.00603641379989,4.00665339364032
3.74466662196419,4.47502324896519,1.21306086786786,5.37745588156809,0.758248268153674,2.75213842855691
2.75285577765224,5.60755155089441,1.1664884432505,4.48951012088187,0.790383244198434,4.03045090606294
2.80603014250458,5.55903102587425,0.867474814585508,6.29155283251286,1.20663606751457,3.71365398069369
1.69202940600023,4.68587388739436,1.54221826816189,5.34487766581937,1.44713829970699,4.16945642469075
2.6420999513677,5.77196654904839,1.64002741360269,5.38032410595796,1.03256856184366,3.52221115234459
3.23359396270863,6.15276091884954,0.951228069716328,6.3040791032952,1.2379315550354,3.73444953497467
3.23380813856948,6.19535372616648,1.02523704472684,5.28847565581613,1.20519720131677,4.4955517642283
3.62251345995417,5.90816672312882,0.265839555270081,7.02302520081385,0.70597308778208,2.48890192349807
2.26162498373158,5.04163687679938,0.517441159108606,4.85910270253878,0.900631397195059,3.52112343558986
3.72603528040745,4.48116568914776,0.870336907894729,5.42038909162103,1.11047827970094,6.55128157025559
3.10530983830023,4.19449737299752,1.20038224273928,4.9680403228154,1.19289238015735,4.34689867974345
4.26161074063061,4.72806435680779,0.986803690202414,6.80067863311202,0.846699709380184,4.39111886228943
4.23541200684985,7.35417008224358,1.08230058676163,6.00924710566645,1.1037518273409,3.13176672165352
5.44448416712162,7.31862571416938,0.478217953266898,6.99782122765668,0.734009467048671,4.9221458470159
4.99593282908738,5.49902780373369,0.857143066524945,4.15407347830292,0.99722686207969,4.55045896221329
4.26940113309951,5.91097613046015,0.810238460411172,3.0680452938093,1.34502452839125,2.51239410070297
4.11692616909507,6.6841555942371,0.445813190778595,5.43011936165461,0.701250747571863,4.07610681591896
3.79684599445184,4.38277136219659,0.56602926473084,6.00576637441493,0.666108379761043,3.83060472854336
4.08225724443317,5.87086160618426,1.23638494322253,6.68455956394377,1.00032348513402,3.93627021665574
3.73927792551332,5.97651592913966,1.30070978474568,7.51839364365562,0.791570916922816,4.97536848486163
3.45164122445231,4.65000259472819,1.10246140685396,5.9587365468453,1.17813191715703,3.69969189145975
5.73596780961902,7.31045454861434,0.585118861097777,6.36339230784632,1.16572292435892,3.8956661044794
3.56296707238587,6.37511377563388,0.978797580154346,7.39449400730512,0.999942448435791,2.70412630435183
3.48897879144054,5.77843405811696,1.20777449056676,5.15125008803135,0.747328489357188,3.98746639097438
3.81304083980261,3.9773778568797,0.619433709435637,6.27893476805052,1.22510521257599,6.06533822974072
3.91836246061181,3.83475826548474,0.126443655811247,7.86302744095529,0.910397391109589,3.67747840204179
3.99329956000461,5.43064911469539,1.09307544784337,5.52296768877187,1.04859380284439,4.04594946378116
3.97253789193467,4.88199930559504,0.645192768892533,5.49747633148757,0.917858574089864,3.97461678539131
2.91973582902131,3.9921459827359,1.0282386492566,6.43611741440796,1.61769563165151,5.5582206806803
4.41899393114418,6.02717714714736,0.903190917161853,7.56546048689398,1.08384010390522,3.42330614651053
5.10457116197171,5.4462448653945,0.68885973285348,4.77593637960895,0.913653698651492,3.01599366184728
4.27714884995701,5.23531285112049,0.763768359730393,5.37174768888562,0.858372799381215,4.66031779197792
3.06994679693523,6.38870367698437,1.01513842535121,6.39527911260865,0.780962786463149,3.08349479706783
5.27969955235305,4.66657800143808,0.970054760387789,5.65517485718809,0.675502405285283,5.42762257024761
3.58005799794972,6.29877097567275,0.877871194849442,7.29580752453384,1.13339200627026,3.40608815034458
4.03428584461449,6.41585292960425,1.16170863300722,5.51884319014492,1.21423210661998,5.82297583600989
4.15291328492654,5.35663554973908,1.37612453497452,3.72789810801437,1.4179102385218,2.13651569989542
2.49694867463936,4.30257524052949,1.38262224829062,5.31434240911964,0.548797290425045,6.20253635790739
5.44266356187432,5.60721188895316,0.665682060559725,5.08537566240913,0.955315743012537,5.35262154431927
4.27531517169634,3.66349512030012,1.38777875443638,7.76627080159305,0.554327135926822,3.85243954639106
2.670301559243,6.18390629773767,0.896268768146515,5.0567067013579,1.19293087119591,2.44413177464969
4.11843220007869,6.62974349424515,1.23095889650701,6.70043615397877,0.61595063498186,2.56381477493096
4.56592877338001,6.67769014193052,0.698607124036088,6.54910684114298,1.3486489696732,4.95647116361647
3.19579167606096,6.51943951669293,0.615476784567559,5.36309560469661,0.468113810192724,4.14008855174191
2.35668561118479,2.58436941429998,1.56688528564492,7.17008267714091,1.22396249638019,4.17923315881189
5.04351791679463,6.79439974482851,1.00153991117107,6.11241238690167,0.554888122037366,2.99631303299425
3.69814862279071,6.96403782034471,0.855292087581862,5.94821973185258,0.888022748010512,4.38127155968755
3.42205886618468,6.66707652136816,1.01617639918522,8.39586334379076,0.977426440831611,2.88248048287102
3.3726261346493,5.72991183340795,0.320763551319807,6.07946873053686,0.644019851125551,2.75827452224547
3.60774633996252,5.08117732828696,0.62189583421265,6.54512676606727,0.787656393530151,2.70975237361638
4.02519889944595,5.94688126415983,1.1395796821982,3.81221417574998,0.821713692312269,3.11246666613416
5.25862103533667,4.5407318852965,0.849626898768211,5.70906396191664,1.05787353031224,4.92390795154541
3.70082966080506,5.68777347721936,0.898800167344862,5.63995586309588,0.399519077061603,3.34444144130806
4.86923614008782,5.3390705515634,0.994167774061909,5.01114142662256,0.630438240907187,4.62838176687606
3.63658763639287,7.18753144271235,1.13264021784405,7.31019597824945,0.712527921796432,2.0796255590283
2.62897865818369,6.47242873748331,0.659983753311071,5.57363068946427,0.84712896019737,3.03711489852789
3.86231317206497,6.07511237047694,0.855892248309498,5.02976373793943,0.864791122009265,5.0898876811803
4.99401791053504,5.96092357095789,1.04452542864002,5.41936765782774,1.240402038132,3.53712922665188
3.1590655002333,5.45652120465439,0.92680926351318,6.72121852304954,0.756815768436899,5.84899074362002
5.74901254762247,7.20568888429847,1.108246011144,4.78347407237727,0.879597241096586,4.70258695667948
3.30775416417627,4.95249598446496,0.932759211569103,5.19370326381633,0.896572118109653,2.42786979519124
5.92151504386677,5.40881160563925,0.776685844378888,4.14115824192675,0.658101295133943,2.53194816867218
4.52044390214225,4.44756272939552,1.46903136321709,6.76508900763822,1.39386847030958,3.80506421523137
5.89642174610121,5.70924532606946,1.72596113265826,5.90588181197818,0.957185582283534,3.97930332225341
3.71477336603921,5.93378345433353,1.248262527517,4.35595834739817,1.34295948793956,4.73336855754755
3.19813003514497,5.25133865501214,0.516571159700302,7.01626024252753,1.42896411475023,1.50713464267872
4.95529246696105,6.72512002651936,1.37289524875842,4.87105452973724,1.20957407844861,5.37696115706273
6.21266616703412,5.38023509798149,0.771446319388562,6.26120202228459,0.792600321251147,3.32566909195228
6.00137190911131,4.20197756381297,0.941573258499175,5.46056538236124,1.21836743840112,5.29382081260364
3.76237131288436,5.91343168512358,1.13920609333221,4.35211285718496,0.606475993631679,6.38445095934086
4.86806556428231,7.06973796320874,1.20645933303435,5.23736881678808,1.46184615341509,4.22007628788957
4.94246093952547,5.25769161432408,0.760573167380332,6.41036914700875,1.01706292274212,2.75854770689232
3.97062727496738,6.60518056118698,0.674898441779462,7.19884614857505,1.29573752572609,5.02863754875599
2.97690876047447,5.24037442323161,1.09494875044385,6.09211291602871,0.61995343735916,2.68869768232372
3.08369626256535,6.08769272104162,1.31495274179643,6.95634940830754,0.70110870642875,6.58435370015847
2.86503952658835,7.03740900139501,1.16735919648425,5.81699102874361,1.11992277174761,3.84573160925492
5.154091435774,4.73914356152057,1.3780058584892,6.94258607127707,1.13042291023483,4.29798624644863
4.83321104125777,4.96154165324278,1.08484854033201,6.58814051193982,0.97691974559218,3.73374437388685
4.8183369675324,6.14653319834221,0.578624026406797,6.84105395640735,0.59325932224215,3.5404764342566
4.55717423216504,4.49504467567863,1.09701635854905,4.31314865443987,0.309151942591745,4.66110611254743
4.12157407654325,5.87941357263404,0.949945189868108,5.76408814798895,0.716564294952541,4.87694936485441
4.62895995981933,5.14078315509721,0.942823162066177,6.50571988724139,0.921604132729676,4.80975944543335
5.33421487163934,5.25540335333968,0.782246931745273,6.35219486480015,1.19809297216665,4.43095472592704
3.7533349589863,5.38832481317328,0.631688216276365,6.06272973047121,0.729419773442651,2.49715843775815
4.05406236951586,5.84601500515351,0.494653949647795,4.1795603506332,0.94241407318398,5.37817147597849
3.68587448426507,6.20531605911014,1.21494009417101,6.70184597815242,0.830193579061995,4.69311826703456
4.93340681452002,5.32889113279061,0.629440427938182,7.3029848092931,0.889074076189759,5.74201972497837
4.45263150905176,5.48429894513037,0.377148344333457,5.70857508598981,1.28949927612258,4.65590216591233
4.08228641549228,4.97927076225371,0.628232561288496,6.76639268975741,1.1628052025381,4.28404257004426
4.24028627629291,4.13921392538075,0.931021506843343,6.37356960254823,0.818586754520139,4.64729290224584
3.2523310541356,6.94141226503855,0.684539849733554,6.20980752366102,0.633986105804615,4.76583855672043
5.79738038491634,5.30215393060098,0.757020102380481,5.87796342967637,0.855714467431108,3.13470621126133
3.27706154334909,6.26922648165022,1.03650136594411,5.12356487776273,0.992466196225374,2.87350273007877
4.18917807086703,4.2673254568042,0.843300871532487,6.64594252193775,1.0641684437507,5.50763470985483
4.42818017745016,4.47153352234479,1.02771118497934,5.3689314987797,0.724382737242943,4.58241845452121
4.25018305516891,5.85493189266023,1.17724310829641,5.27481949451994,1.07223521563408,3.98122975873329
4.13849140540313,5.14797422838771,0.882916551097738,6.23915077579139,0.6822759834698,3.45325035597373
4.33270952455762,5.74163668128345,0.843567919394716,5.30319124584504,1.02250141656092,4.82416211108978
6.5734124716254,5.8297239396175,0.94980883954509,4.40588901379283,0.813732950012104,7.0837796324719
3.78332115131478,6.65367814851229,1.17917140161575,4.90688052820882,0.835299547740418,3.33634343358224
6.09851391530767,6.82084742827082,1.11057385320941,6.68777777617687,0.933596112341976,4.17380447868575
4.40208386228233,6.39274375413799,1.071602344929,4.51986069029339,1.0061067035165,5.72237196127013
3.15505946349706,4.94415719644241,0.603896031765643,7.21930807150744,0.469833525998364,2.90380172630697
4.94239775974539,5.51702393273781,0.881088003596863,6.41517168250208,1.17297236730954,3.12891273964119
4.18959602223651,5.7413199909338,1.28385901489211,6.97728427557293,1.27000225955414,4.90950770090839
2.75881394490782,4.92491149962541,1.33125439047092,6.38645708077194,0.723573573339323,3.85289321458506
3.52907076916927,4.46437867723233,1.78845948006983,5.8562862072569,1.03538445632967,4.71855964037197
5.29547980389923,5.67255738280511,0.951634769200683,5.85275312267455,1.07474035409762,5.17996640212542
3.59314852866117,8.29411759544049,1.21251274433873,5.92387805519257,1.22564432815409,4.52430970708421
5.08030848102516,5.29871383747055,0.981524021911754,6.4661897240114,0.969147889272191,3.30540099530769
2.86809222158597,4.49686284316755,0.87851334666792,6.12984622828272,1.17157958729391,4.63621155561152
4.76946498846982,6.45094092136445,0.366454374506268,6.84812102828161,0.963519077641265,5.25718074983572
4.4147821293542,7.46441953430202,1.18243418501599,6.62811010549978,1.07290351103002,4.77671661147215
4.13379101131229,5.6327805512729,1.13228203796331,7.03675882293632,1.20354625589434,2.99335987093729
1.87853128213972,4.85700069679112,0.515960024325904,5.42632920687063,0.941555242132008,3.45515829895509
4.52360849094971,6.43943886098103,1.02634477244281,6.086373015816,0.998186843989219,5.39688634931663
5.10017519468212,3.77350000389402,0.862914274954033,5.27904380397155,1.13973708676942,1.61104027648719
4.71439974984348,6.1142701998236,1.02530471614772,5.70517527918095,1.1491933347531,4.53440347988929
1.50351388648657,4.48431517118196,0.736820013417386,6.92891399520836,0.802372958989088,4.2506619763258
3.23156631017725,5.75852059081456,0.710469049309807,7.03858536112666,1.21033458723643,3.59765490161666
3.91728991987348,6.47853151699056,0.47594337584388,4.63004142143359,1.06478058061753,5.78067785964598
5.714547787449,5.16419288228416,1.71178136670928,7.40310339444606,0.968783712734425,4.45275368441585
4.97636966596669,5.89972682662502,1.17565464233972,8.26497636746385,1.10919906960741,4.53776126637358
3.55195801782256,5.70811175166332,1.26659821484418,5.53800008181649,0.530153389607915,3.58035005170246
3.40955471711702,4.41505318087875,0.842248106843066,7.03653366114679,1.10501051602825,3.51113532982205
2.38926104357986,5.89613853862843,0.954078119300468,5.28120438547149,1.42976748979648,3.33843519339458
2.85407298298049,5.11940806006469,0.900010501167882,5.24172837859806,0.844664662058883,3.61114038300341
3.96861737335779,5.34721964161589,1.43981982481931,5.65235933137563,0.878377234000826,3.80623430658397
4.64405142282092,5.73529424096593,1.35420059565059,6.39364440282414,1.03408627853642,3.65424119302494
4.10669246630634,2.69679065478786,0.568283103817157,6.25059232272587,1.40123441828205,2.81501028841197
7.13594868692187,5.82605815869458,0.637500959046964,5.52562336595234,0.895041853755296,4.84005022867792
3.01637042996929,5.34380748416301,0.995345706074261,7.69060721666933,0.717815573540523,3.77270607712211
4.98983987853812,3.92660289916601,1.18861133389232,5.26517559918076,0.640352423758051,2.07469159159103
2.30069590506794,6.8138740745629,0.848836565089169,5.21749609363999,0.896999297445702,3.64744778887948
3.77037655123993,6.43801282203008,0.86389213396884,5.43789831313503,0.927726228416177,2.17468579001483
4.0359369549912,5.79250474479628,1.17689288188367,5.10152423999392,0.759791849324419,4.55917845788547
0.510930889119436,6.90789274903842,1.0193242542754,3.86639667929855,1.35524171779737,2.82103708762578
3.57236287961654,5.56896004881574,0.862845472590424,6.26437929166302,1.14081889450059,4.34973440107802
5.14005518474163,5.16882286357895,0.650620097841911,7.08482971321992,0.672663517365122,3.61606696725463
3.11478270028747,6.67711388800243,1.13670416192776,5.27444674329731,0.529342180413141,5.37938554045808
3.78569103114193,5.83382930165372,1.46290808110837,6.34198293704241,0.683391612770784,5.02033155936823
3.39877287197019,4.9493598205717,0.886647453510902,4.59573855651865,1.16245112942435,3.68328576644066
4.14450604858531,3.7859726618006,1.13131462602152,6.3063823143066,0.524052637653093,4.64957491308562
4.48977592840584,5.47835200595191,0.712592407708184,5.89491989586528,1.06608915317264,5.40935317637407
4.04774579980455,5.47483975375801,0.762990325466399,5.35152201195197,1.34498590608986,4.26503081253612
4.3120801102245,6.33026681307801,1.22659067180263,6.86573065302843,1.38510211122646,3.20106580279666
4.42800361601089,4.47617257728181,1.38334535313184,5.3236975995382,0.91183956872093,5.3231709057473
5.31661158373779,3.70857523100366,0.809294964361487,4.98368101598797,0.665950532907482,3.65786560052534
5.04998823864507,3.90804926880805,1.78337418496789,6.57754704104742,1.03285638680913,2.98329728933755
3.36452873270655,4.32763593048207,1.0846916376515,4.86287088698451,0.427262791502136,2.64799619591721
3.76423106350902,5.5476941559371,0.992630779225408,6.04080089985732,1.12043766732347,2.97803478492328
4.2926494401599,4.45097632360973,1.26111705289293,5.44489043977115,0.768314878765222,3.20700830673195
4.02294995483497,6.60299020417125,0.653940389790711,4.30854276159708,1.32577118358866,4.65791305615399
5.47722649582842,5.95356877080211,1.22270977075403,5.56354877025312,0.794490174223777,4.65357768355117
4.36527550759282,5.91129342052636,1.13270405618869,6.789989830886,1.32165977641825,3.67200767001999
1.73324552247741,5.93954989524758,1.26752532536358,6.23503806834803,1.31482253378764,3.70283477431503
3.3143092315029,4.9902422202327,0.582785223076378,5.25426559717518,0.702255233217988,4.59421455735316
3.31758528106183,5.59298867519475,0.573752052949098,4.8610767142676,0.836381132544622,5.49217284998334
3.89730764084,4.47573445229264,0.961150664669435,5.55662579427165,0.976393633944764,4.20815091310223
4.57935601578253,5.40865135977345,1.06403566451067,6.66875149647415,0.866981678458373,3.64414907497601
4.14199484275468,5.32029731224292,0.907151103213001,6.56395754332366,0.771439277803742,5.40350169790619
1.64114415274433,4.1122526173119,1.00893040937363,6.56689942234093,1.12555558591412,3.28433733789411
4.78712724434662,5.937343105009,1.20607947518965,6.42906679140808,1.3900540426449,4.70125912339799
2.59916172765901,3.40788268689306,1.4224554980409,7.55619584080759,0.696497108728943,3.47474053034675
3.11623179591595,5.61018798726564,0.9486735598021,7.20901185865371,0.802514525053561,3.95231717636428
4.20545881329515,4.70146715442464,1.17659785749568,5.6464167582568,0.650274780794947,3.76474786317613
2.56897802026628,6.25053731696734,1.0765877696617,7.33962205798896,1.23669420771029,3.77864472286846
2.96529304797345,4.59361431600943,1.04379450330424,4.85338420238654,0.349428707082646,3.89688287678467
3.40435769288668,6.1119502590999,0.924640844709179,6.23550951303121,1.04675510412839,4.20833653546481
4.05728430216179,6.11880193692417,1.04028399264813,5.43419493736767,0.527427158113865,5.14809899286212
2.33192628567154,5.87208159320366,1.03304973953548,6.79484852575888,0.971642584471121,4.79034302831124
4.49100098511321,6.57200839791044,0.68754549017153,6.05854765512918,1.19056242992371,3.56759708560421
3.14719536350966,5.1774457547095,0.672964682649982,4.38542559956208,1.07438751408936,0.887247067526655
5.41140652435268,4.26245509540295,1.5742378594187,7.87377089076481,1.00741583024168,4.87861195835623
2.20221870896557,6.37040019554486,1.51065048828117,4.11136957827826,0.981650231989279,4.74008482181334
4.160797905547,5.58979828940557,1.05483317536843,4.12516397807229,1.35268240711743,2.32019875546039
3.14186855946615,4.56752473343384,1.44910036691659,6.16301965075233,1.33408910802322,3.21360921070268
2.58801873796525,5.15941645488748,1.05961584994254,5.09373083820135,0.783018070002724,3.00815866812253
4.59515964250356,6.84536531372464,0.568663693266925,5.90654732317377,1.09594820346703,3.90925106629562
4.23686594754996,5.15532964931013,0.793844931790866,5.15962497456587,0.52723053393825,3.92450944248338
5.12585715241227,5.61357486563683,1.74236468310026,5.74559591703724,1.22217971151409,1.68361194914869
4.25317749536399,5.75807949128842,1.04412684274459,6.03317093953492,1.04750821566187,4.27719718488309
4.41627210426219,6.12764709403732,0.98955761531931,8.17754863623747,0.666972630726594,3.43701961540209
3.61385975352179,5.26833547738034,0.708527339767414,6.62184667078019,0.918996587815386,5.221665397484
4.41283489266977,5.92221038422186,0.79333643334395,6.015554660255,0.736370690321122,6.57927997966856
3.08201628300582,4.57852327831314,1.1249645631799,3.99201115592438,1.34821500684504,2.6183417322508
4.33427306960609,4.26805540746427,0.984060890055549,7.2845791092461,1.02920331554189,3.14042143656465
4.75476423187865,5.09357600006419,0.98213347653996,7.39189464411423,1.24250306710438,3.36594543761381
3.35549924817396,4.7760688759568,1.45034185880133,5.61716866734092,1.50927481553678,4.00293407947315
3.35863943932106,6.36516239277516,0.901020448413836,6.33486123585254,1.14159483591604,4.94616164383519
2.74115943702228,4.86415762429383,1.05506353759493,7.01136305352387,0.722768336215573,3.77935744970816
3.22694551070594,5.63024424090384,1.2459605045318,6.05744608279298,0.260508484232012,3.76424097452952
2.80291315476148,5.334089808868,1.38193470839544,6.13759977070745,1.36042015219007,5.25226168560039
4.65206818234869,6.35727709826431,1.21588657878922,5.65683494510655,1.24948032020957,2.72125224673016
4.57602493482326,4.4149369417124,1.24173982154668,6.36832030951399,1.62213922719922,4.47820999968923
3.56736594456022,4.37097825985618,0.292343080245569,5.18496080066108,1.21724573714069,3.79112144010218
2.83915090074292,4.8834998086723,0.969405920439636,6.57685298720793,0.836424879967484,4.09153934605804
3.57571829202445,4.93642797705564,1.17086076016609,6.57332584459937,0.917326345709553,4.97089826169044
3.71652597909458,4.30349926514301,1.54585869160044,7.70512182731555,0.371127921451704,2.9659825405628
3.75051969287666,5.49188978856087,0.555120114870142,6.47908969912188,0.765547196444506,4.03608184449305
3.5070598486633,5.38658255766845,0.96522666118614,7.26166617579642,0.683894820503523,4.38520626293531
4.23310363357082,6.25009730472253,1.04611837499848,6.43248488310248,1.18248095716795,3.84522134005958
2.79188795970829,4.9474094892907,1.03281208929741,6.34725205669504,0.902865969917767,3.99318034853582
3.16398204535335,4.69958832233728,1.44324923264254,7.12423709387187,1.08890686270445,5.2524359901788
5.24080004943543,5.9707682680655,0.517708352793492,5.26082352025856,0.359265040829313,4.14841449766581
4.64687945365899,5.5188668606114,1.16309581828084,6.3912340332963,1.09757933539908,4.11310647973391
4.53734004623259,6.8777101349172,1.11039729664018,6.12149657225692,0.996672757690821,2.59481969844691
5.60348936530634,4.90836307399298,1.42676065423541,6.78705528145034,0.64340768043033,5.257710987602
3.71146474412761,5.21240720632938,0.982217551349143,5.44673377876958,0.75475861589884,3.83549749576134
4.42814593302434,5.84390408121816,1.02253554664186,7.13835736502003,1.98514615412867,2.27264069331359
3.30842828844023,5.39887102086856,1.00010004859111,6.47074569960468,1.07201039979833,5.83717281631215
4.95949748256801,6.54969295067094,0.736499951276307,6.96230346941966,0.954623343046796,3.75182084140217
3.72204290387531,5.21547809220908,1.07058912004443,5.28133159191555,1.12185768196986,4.57129947091249
2.76574082544238,6.04623279517483,1.12980193132178,5.87063312394614,0.839093446956363,2.06539824994254
2.83910921915921,5.18325460764368,1.17539021427662,5.19528667867192,1.04945644878352,4.3928135696873
3.80725755978737,5.23586962160741,0.414069975801933,6.35467739732561,1.29649109169225,3.99929146023386
4.67104940194115,4.28435804123161,1.06249661617501,6.43901652205413,1.04218158424582,4.47839631848531
3.75054416149116,5.3353267023436,0.864503248645828,6.3049257466724,1.50256714874461,3.8053015859201
4.1052007389115,6.45061215981577,1.52701658212055,6.18304155206095,1.17265299407436,3.25199214292989
2.04766836293487,5.9445166529183,1.13073574237882,7.10238693195645,1.14345865240076,6.16495691874891
4.26007358646093,5.58909079531826,1.25266498292929,6.52297946282416,1.10902499813684,4.07964408370717
3.67075709431821,5.61464339078749,1.19574674346178,7.25052499898339,1.68497874151298,4.97527152029703
4.75246750469258,5.21912699102761,1.30306825390569,5.79801523316561,1.00841989084226,4.88762653036574
4.18274916799999,6.09037798047583,1.017151542496,7.64141975484161,1.31562770418873,3.88042990171915
3.88684990916849,7.26853376052174,1.02334381334367,5.73677426647342,1.03974431974273,3.14855685555195
5.04864630927663,6.884918394716,1.25360036742453,5.69509659408273,0.851938657287595,2.92658357092763
5.27916993923363,5.46285382153716,0.759073059102918,6.6224448547915,0.982015695262567,4.50624125840485
3.32812196096801,4.18860105484309,0.660880071417271,4.91844243419538,1.08400084628987,4.57700721913946
3.60428045649286,5.06207525205718,1.40874076757429,6.0163004758566,0.847918832860191,4.16498826115675
2.77051282238132,5.67488004661287,0.986876855235924,6.72093849220756,0.929994823767813,3.51814725185017
4.48387842251052,5.45916805523473,0.947731704016841,4.75849820503262,1.04933368928156,5.04130672184988
4.28173586464216,4.84824680538227,1.05770649431425,7.69140718437195,1.16126622063771,4.38348745979775
3.46450304112447,4.40303229088258,1.10796204381337,7.56932939484553,1.51580012048898,3.90470619122707
3.77329850431194,4.98921231696629,0.882655672131474,6.98329457058761,1.00185262005035,4.91362879534811
4.4567382880759,6.1987937425564,1.11974121386371,6.22185210877502,1.01258673785866,1.95035135186875
5.05257735638298,5.58621947607702,0.97711246107109,4.77541104879902,1.30536905091954,3.81032556480108
4.70415137910236,7.24763651608785,0.72349261578331,6.01111529497979,0.708746068789617,3.42583602933754
4.83425726573524,4.25001382501074,0.910726704617571,6.35397823683421,0.896011409465777,4.94719729371341
3.46871497797494,5.20422257286717,1.28795420127864,7.77934829003092,0.904969314628856,4.2621716101178
5.57934504171077,4.5206569230976,1.53488832264969,5.53124014590714,0.736376302116666,3.54880563089283
3.69968784660927,5.33855430133169,1.09345175137164,7.0251847388816,1.08574568541643,4.57794202149026
4.60244984936447,5.2397122804027,0.930099364289098,7.21718808451973,0.899795621222466,3.11850670887362
4.65965125475431,5.42099622377607,0.568210651173557,6.82753338031689,1.20625175764073,3.52697857386361
2.2629380353285,5.41575892411591,1.57991270228846,4.92212788238173,0.791869438341904,4.32700788710988
5.12500026453367,4.39784229846896,0.862752667350059,6.89099713813175,1.01024287769981,3.40497079787625
5.21593001007001,5.50303033930736,0.382536243393656,6.36300083286956,0.682006934415866,4.04765190685813
3.4504799236115,4.14306103493324,0.774900829009345,4.8600024795631,1.29521329459893,3.1828535654214
3.88603124814691,5.90217786627192,1.2673853896609,5.92554768079485,0.794632048126873,5.06924132729015
2.68586346042544,4.28028800706604,0.872316764789772,5.52076320586741,0.692595622195379,5.64840013157732
3.94013156578291,4.68671799491779,0.870059327128458,6.5479035833792,0.869215189409441,3.76606581912378
3.90909718020396,5.83884589424362,0.855551765787492,6.54928086710051,0.814958831973177,4.30669374233863
3.84704513909929,3.48715824999088,1.30705656597915,6.13630386481922,1.51977738925058,2.86126417916844
2.17652649098378,5.01503652483332,1.30823109763383,5.74759912631546,1.09139361963273,2.14678212818214
2.84589641488163,5.0444675578916,1.27069965431615,6.75812317990695,1.11035022661163,5.5041966961709
4.5737975681496,6.85695811740652,0.914606181137255,6.08786177793598,0.770072631225396,2.20595709965652
4.08679062165008,4.13305043224491,0.704642146074778,6.2076499056937,1.00729914730433,4.31243786130733
4.70797926795369,6.32440364960097,0.884096009318647,6.29984009047335,0.452674577505042,3.54313385639539
2.48820585731976,4.63127588099095,1.13972394333202,6.82082971800437,1.14672246241898,3.39252748339078
3.35279713774347,6.49261588313625,1.06530930240486,6.12494772120414,1.21204486013139,3.16384394395275
4.29518085385294,5.87579832017017,1.10605784721319,7.45946339977589,1.15190886620564,5.56855146255088
4.91848340869794,4.03890523788181,0.902497439322924,5.27207461477402,1.04293856209513,4.12792514261982
5.09496268398262,6.66614524704015,0.807256500204922,6.01499524810817,0.778683157537214,3.48997822318928
4.06416176343205,7.10279768213087,0.452695900848227,5.33626478228338,0.652971755905456,4.3960856525134
3.9990255653162,6.81455289822003,0.901777398539641,5.10909690074073,1.27111971663154,5.13138767480114
5.27768609594369,6.24397292485197,0.517536588123047,5.21889199005079,1.45111789986779,6.00816824452988
2.62621898581755,5.49652056078862,0.893498629646066,4.69527992821099,1.30990902304949,2.16784462339744
4.10019645519965,4.49297793578274,1.4102497895515,6.4352026723908,0.662720984658187,3.61031317371507
3.49530144563172,6.81274726773217,0.846708732895891,3.77868072338787,1.41013500876384,4.35014199774234
5.68592369505306,6.09833956197503,1.1403943089287,5.14107128127735,0.5971517145988,5.34976240395615
3.95715158587004,6.71822573813481,0.785509561422684,6.65772419242958,1.26681797391408,4.35312506989185
5.34830846448194,5.55257740293022,1.07742015989309,5.26617837749243,0.432869812032838,4.02945743218676
1.92289714542218,4.26565034075277,0.815290743804722,5.97689995390762,1.20761505676806,6.63329006658895
2.72528277465393,4.1753335961182,0.933661780213979,5.45065778963666,1.21008354709732,3.00621870507141
5.30925357324236,3.81681870485725,1.25441187689444,6.13390607260044,0.957813817090627,3.84612554830525
3.21634771751536,6.06866277355616,0.955632808907396,5.63602465023442,0.465736910398785,6.18294875723528
5.81396366445708,5.47143610070409,0.611468360329889,5.77028466520219,0.748611965842032,1.89305108609794
4.42425908306611,5.80680422011228,1.14096555010043,5.5360919544517,1.4550704500269,3.62591387181965
6.08027490039253,5.09542497608173,0.975595279246019,6.01543914025056,1.02959467913798,4.31344070276098
4.27790598947509,4.87003451347167,0.878350097601218,6.70843443078332,1.09179636777016,4.20678658131842
3.49562524377126,4.48809210596269,0.924088725249231,6.06971346100579,0.972018131557451,2.63259125363787
3.61538246620082,5.35780729413964,1.16537434967191,6.49261261313948,1.14488945566569,2.27607091867251
1.70712713763928,6.68142408032792,1.24156168656593,5.39882657445916,0.829062192038288,4.43711290963133
2.70097207789037,6.58453001015818,1.21429785101555,6.85208038366026,0.838560203540821,4.53795235143742
5.57214798233463,5.36669377220441,0.725736521508827,5.76337284294858,0.947144036792815,2.2637377044343
3.64015901000237,4.97178462377238,1.3377764660557,6.82740861008284,0.669237754813702,4.45677296910906
4.12966570114576,6.41277638540445,1.2228302652965,4.79096093783639,1.34494198088576,4.67400978319988
4.4479506333217,5.44873402792574,1.14474261642169,4.44570659781734,0.917442083796011,5.5525186235122
4.90658184574372,4.72658134904965,1.19838225479453,8.0452940578351,0.924587224223539,4.24081662713854
4.98953251627495,6.98513364405251,0.459824449725204,8.44301482455669,0.835306999445194,5.77274069000339
3.32603915954855,4.56118447440161,1.20988795284615,4.2375252591487,1.31837261481958,4.48878576249697
4.10515362186976,3.12694014305159,0.859564448118428,6.32775075474335,0.904810648574968,4.97355115468253
4.5365071386423,7.77609060577748,0.465964495252084,5.72963508991439,1.08737098928053,4.08469427316779
4.72601646160803,4.86617884534113,0.604865287427924,5.10781028808009,1.52203181240165,5.86173946157671
4.99086972428768,6.55775725132002,1.14042601037082,5.59163829691233,0.664610627365167,3.74656479618939
4.8718667215643,6.36575788265688,1.44376166407564,4.48297368700064,1.32797429979155,2.3734026493274
5.21938641029192,3.04692035634432,1.19254455786811,4.36822484294284,1.41326374266433,5.06555916740539
3.38180282289813,6.52390305136384,1.31094564571422,6.02520954819117,1.17751700064508,4.07430046426901
4.99519144833778,3.41510503440608,0.87948778734472,6.70089438251942,1.36373995262833,2.41417510637884
4.45178018935882,7.43037790493572,0.822409478246733,6.23463128524051,1.28257480431584,5.0611834485216
4.57867258615526,5.604199929503,1.13607031302559,5.61203446913678,1.36038698252331,2.52986897262581
2.67502686147309,6.03489002993071,1.07124125283408,5.76130806890118,0.928119010233736,2.74767735630897
1.48060630525581,5.57291302233071,1.06213364679787,4.63917029453396,0.743784639358086,5.14460359592215
3.6357427858474,6.02062934617327,1.3312235620371,6.75705543027905,0.861415535919617,3.92893113934759
1.86506620246361,4.55165935371171,0.958837707793554,6.53220373645977,1.29712576394724,3.16287380122366
2.84788626004219,6.66842599425189,0.908171099941885,5.5933362057743,1.06986245144228,3.90205439613686
4.21976435393472,5.3093658084169,1.09720757129704,7.13083280816739,0.901706147593651,3.23196568847363
3.48885896739315,4.31859608859022,0.526014250819079,6.33105243253724,1.3435943885792,4.3659749402946
3.76941793683985,5.5250036060158,1.41726908071224,6.00664640904644,1.01720497300413,2.26005628351501
4.76570086013145,7.68138276588721,1.80474665784121,4.9733020361383,0.923481724891292,5.27155413748592
5.93624940239417,5.05179029291326,1.59220817053397,4.65007617790615,1.09366373448953,4.20116020005098
2.40437757683664,4.59295867737125,1.02294912617655,6.72399393104675,0.754829582421216,5.83680014048349
4.09037693665838,5.32390170615546,1.14250371081941,3.62621459035436,0.872080530402247,2.4555903385738
2.24473729262312,6.21641678710268,0.731357204712811,5.75252395419699,1.12168446511434,4.87486680371761
2.78832847080101,5.54311051943028,1.20173987828024,7.41494476366905,0.687303175699168,4.11767420428465
2.96864779011096,7.46994770799954,1.17523698018492,6.95868199352808,1.25997603443722,3.71221189131503
4.81548706652242,4.70300790490397,1.12336220511779,6.20267471180254,1.594179337172,5.37679090037497
2.63839258798424,5.48496135160492,0.9005070118752,5.60934438931215,1.13838212220311,4.64281975347695
4.67659321580023,5.69537914571072,0.73336978366439,5.16328543926693,0.841824596675707,4.74257437316969
4.74115758920205,7.35415233153949,1.0132051977516,5.26302595515387,0.236176641707109,3.78535013947121
3.90954455999838,5.2821099311072,0.852627909271711,5.29995080865029,0.806017504110862,4.01254870963669
5.37088823305421,6.30310452418737,1.47907498300568,5.34255106400134,0.489799500908122,4.92614528051614
4.28799282176541,7.32900082661933,1.06880188669204,6.57253035246912,0.787512405960609,5.03132996735275
4.45073542896512,5.17804759206438,0.841160066869536,6.84222868754598,0.391687994796321,3.22386994804776
4.69478342634496,5.09180467970835,0.951668919150541,5.59078860313123,1.50621316686998,4.80863107072605
3.24529450209083,5.75482933312553,1.62105226278212,5.56767962123239,0.71202845307021,5.64864050413174
1.90448776336474,4.25756063336,1.16231116738156,4.48225202439145,1.39492898847714,3.94940368354837
4.01539458038758,5.33305520268018,1.20124110424731,7.09943678370407,1.04526696727066,5.89654469223412
5.68451562727739,3.56158678584632,1.3411581630904,6.26007175802998,0.50521586000412,4.88771730268566
3.4664316004451,6.07845551015616,1.16033589058478,6.38992107782282,1.12860964507434,3.6787462173981
2.94518679756675,6.1886867756018,1.06616658786598,6.62549365100971,0.8301676190077,4.55378645427728
4.95704293096561,5.76082448746289,0.590754931448519,6.51369669658321,0.885981615408821,3.36611050487345
2.08660828503479,4.90068273546721,1.20221602238615,6.3302915931445,1.30142062859444,4.0204978452217
4.49196724813866,5.95248738362618,1.26325358961048,7.40369679836352,1.16465484983164,3.71295266868435
3.13698907884674,5.21857450552619,0.581933760964009,6.04233019050697,1.22186684917281,3.10528261458612
2.89281582087253,6.06631761057081,1.64844406942433,6.06210532002271,0.348765701255399,3.88700163366445
5.06165941978373,6.21640589990023,1.29604310272857,6.79642771276762,0.974840072897382,3.3427989605209
3.46569865389046,4.86541629210736,1.60499633665281,6.67013181971993,0.885739216084708,4.27898766260306
4.41786207742096,6.29309521883966,1.21511439650625,5.1832165544126,1.16839128530475,3.62103048545301
3.81098212610143,6.90813948889101,0.684768551302536,5.18618955190464,1.187255695492,5.33507080662831
4.47371725080226,5.65676966834359,1.00005806633682,4.95832975446169,1.09748860907943,4.19290764214812
4.11599476963517,5.04305290228775,0.457251603020698,7.10607459771695,0.72579306415901,3.56113093914178
3.76491154339805,6.43343940282139,1.25443244886913,6.04361977482772,0.706997533368791,3.70269317727636
2.63642202475357,4.59265366809101,0.732317463868289,4.08012586394239,0.564286807321557,4.37431026697871
5.70000705735972,5.81405413096611,1.08398391092036,6.2476585151088,0.759675890461471,4.00584369635173
4.64530016887725,6.40647259931664,1.29129527886166,5.67980150309021,0.875632200455344,4.54771791551159
4.15991531172245,6.27375949805255,0.555554484623226,5.86330937364802,1.15448008420441,3.78371865802065
2.94095558878434,5.88932341109746,0.768673376428695,6.86666919811706,0.503271739302499,3.31064883812081
3.81867638966173,4.95965704783963,1.22308778969221,7.44515845564291,1.5423431550743,3.85271384492198
4.45794916829667,5.23660256178651,0.855003348839374,5.5818978404626,0.734246570518394,3.26088104456755
3.00922668896774,3.95879744165557,1.11799653032463,5.76698131970775,0.71238962513457,4.61630678716763
2.82352891985446,5.24486626453091,0.758900706220412,5.09081302061296,0.816657087610453,4.15969463719436
5.337656990988,4.29868670375899,0.792649069761184,7.16144704851559,1.09686809538787,4.62417701564051
4.70252631178208,6.71974113757189,0.833827452051789,5.47127373795723,1.08807506883959,2.99253679896573
2.63299608328337,4.93220623029763,0.984346610778521,6.47596524061688,1.37279273695225,3.6297098990303
4.38877951121747,5.21927710690104,0.942246165331567,5.84444716424666,0.539699282288626,3.54342933176649
3.8917481893798,4.97924590871426,0.277478856512413,6.345032722432,0.942820270444674,3.67209008068349
4.86867857316477,3.07964052587805,0.993124649299094,5.13272625600907,1.11758261399492,4.06418015335359
5.12109131212825,7.37646151992794,1.21963867338168,6.79194899292215,1.03196188354376,5.3178988896842
3.21658359031984,6.43637350355245,1.17051055388948,6.03474059800229,0.758936826852748,4.05049648669173
4.91702985407822,5.74743261493573,1.47506232250509,5.33893948350372,0.647159892499538,1.95284217332594
4.82041546755936,4.39776357078963,1.41307313609155,5.63475382110588,0.923027438188705,4.13620743839562
5.50721260935955,6.0618996780681,1.00295711007991,7.32880052556955,1.12508660847164,3.76238977635298
5.01068439914395,7.39950772424118,1.099135880524,4.64480499090118,1.18117037228511,3.63225154526377
5.11149275926075,4.68170418910006,0.76984798883313,8.17186224738175,1.14135347774167,3.0674092714598
5.45861194570281,5.1802729089996,1.16025834743921,7.37254459612689,1.05708582484995,2.56257463101579
5.42858989096026,5.91933872505733,1.16607276467959,6.77711056419548,0.693669516647539,5.29599863279832
3.79617613389095,5.89618665245277,1.17187446934404,4.30208014894776,0.464283257698353,1.89789666298831
4.70557028517775,6.60233541726891,1.35416401873551,4.89597038723885,1.16942663800793,4.16438310502697
4.4825852183497,7.34666423229675,1.48964007402464,4.13072233926424,1.17613598558662,3.18929578130103
1.5129618447326,4.60135550050382,0.947548135348969,6.72813656852933,0.657176735137136,1.79850546913468
3.03632430262965,4.20439270481971,0.887980990485972,6.34893847755889,1.21805491161739,3.94063970035751
5.26555224693355,3.37914038438769,0.897875003876859,6.16767017591686,1.35038038738286,3.18217055895882
5.99832059169092,5.04126315951407,0.965975597383813,7.31500970995192,1.13387164558952,3.46138723042496
5.95411480744694,4.73712697134617,0.581821560577581,3.90665043391029,1.86907076961484,3.92741852375676
4.00551015807177,4.25024443943146,1.19064854821336,7.41868404520075,0.771684954516839,5.14124487050001
3.14099764048145,5.82099371533534,1.25801601491707,5.71665464256822,1.10940486814507,2.93890893386981
5.3999526016325,5.55898236203809,1.01220372529456,5.21958801580833,1.361851731796,5.45097908011163
3.96680817245903,5.42641854234591,0.770771140723149,5.7997706037159,0.437087853940118,4.53335701893413
4.64457745556017,5.3140066475181,1.09475882280395,5.89194502220132,1.53583596674761,4.27588142100866
5.15028095258118,5.02315926362899,0.52326434136327,4.8646286438851,0.980475224831054,1.40108840748422
5.60148677009497,5.59725431986011,0.873954438121351,7.97142667501138,1.40922582023363,2.50871458766494
5.63229990085866,6.07803414108794,0.998813429539845,6.2983272424178,0.609744291744261,3.82139719723774
4.14550870151323,5.39497612201745,0.880855097357432,5.34032081964462,1.18893496626609,4.82839656697956
4.76055286885803,5.46182548747797,1.10260959812302,6.81636641367199,0.888873289940224,1.76160681388686
3.19984319950468,6.36475361570151,1.15267757437821,8.34314661571291,0.785949075196145,2.98657320599348
4.19107046372678,5.8745716376822,1.32525531935435,7.48707399627961,1.2927240911401,4.7207261021183
4.90240174672184,6.22581875453196,0.736363262367479,6.57161921480939,1.13361268629133,5.56898466468437
4.16863436846422,6.0643868392222,0.864475709006469,5.88400060277104,1.33703216595196,3.55696786805254
4.63424230088258,5.72525430836187,0.961557351119746,5.49517302588865,0.886153444040406,5.04098799971858
2.4407741385678,7.00319485888502,0.744939250144558,5.12624840079066,0.536115764716057,3.12489500865127
5.32753769793741,3.95628513066326,1.05284786974824,6.24577864490104,1.11919678847194,4.15826298317599
3.66239424322008,5.03718037996335,1.0072228619906,5.76518283572081,0.70408675754539,3.85873437018695
1.89077690481047,8.06919602229465,0.74923066367562,7.74658425899328,1.35586297756031,3.71743432982963
4.95485791752565,4.41285217669061,1.22438963738453,6.63524354943284,0.986829575958354,5.8312042682304
4.62756821330495,5.90625312808655,0.595936809849178,7.35221314914498,1.0816701841333,3.13203546291515
3.6734536225949,7.43184728463611,0.90174658553762,6.2314797774459,1.38349229676742,4.16786660355464
6.24736524189106,6.84040583535629,1.15870560415887,6.40207965710354,0.857158464853211,4.99993897411711
4.53736251740229,4.66071731522765,0.685524650949907,7.76298513044263,0.906536403228439,4.01425843501653
4.25066600980649,5.61472851209412,1.25069684052318,6.69554288719682,0.670121172990724,3.71457498559121
4.09959241626279,4.93824233566252,1.69976337359503,6.30893719379123,0.901529698904483,4.55347263631837
3.17091748023647,4.62234342466141,0.735758056738795,3.92592699668782,0.790466013093972,5.08666530104089
5.25307645155742,5.89062102223158,1.29457778438576,5.93968704499703,1.26937045559231,4.07585728295683
3.58427464928531,7.45406927037202,1.26748421674119,6.03760573377395,1.38043393352108,2.93150720655249
3.7132291876009,4.26648053685364,0.968484549516779,6.87269680321887,1.1282286490933,2.50144066820743
1.96230740386914,5.02027855937615,1.19344560742271,6.41119241870222,1.00230246840327,4.33438829135148
5.26262206393256,6.05422219975292,1.34955358494605,5.59933333485731,0.964862776019759,3.85497611089448
5.51696441906484,5.28823126372942,0.699495141805814,6.58368385324532,1.01968566663792,2.3750040539653
4.06740664801255,5.41465667409652,1.01312149136464,6.71230650651855,0.898408932570091,5.548861713957
5.18767118963517,5.63355466805747,1.40516781154677,5.15116726458018,0.837883112449925,4.56824878174068
3.31302296279524,5.86287077885967,1.52133490836854,5.63996233260552,1.05769330405293,3.62398670636806
2.08944555823907,3.94581176183728,1.16189002136844,6.29761747811624,0.961529987212189,4.87074811528875
4.8624242817701,4.2130383542912,1.06544602847538,6.79517238653913,0.949828835609624,4.19880679232677
3.56720979329957,5.4378410920394,0.785111869146025,7.57765953959528,0.719899075779946,3.33947267316084
3.95065190103745,5.69179957022091,1.17048953578523,6.14823757487615,0.612254354863792,3.54666330019667
3.55544412606906,5.771077902175,0.849992065231598,4.92452929913687,1.23770995058874,4.12793447518077
3.55876946480453,4.65336394067479,0.732404917510986,5.94706660921775,0.980681590715511,3.52763448818721
3.81718587308904,5.67732541132747,0.850899185290035,5.75681823827321,1.36140494487841,4.62870155598359
5.6817928497544,3.88415779989859,1.03008081344378,5.42293119518324,0.849546179334057,3.47935183919732
3.59885001708112,3.71454313237064,1.20186986753307,6.50429153381683,1.32570959955965,4.58312845910325
6.38846655816567,5.09940276383533,1.71621949402617,4.93261922831879,0.845176967665165,5.646513519528
1.15753190982551,4.81328565051186,1.15351041028627,6.54123215694195,0.823234529826762,5.12332754164775
4.39757844093548,5.48476123739269,1.17466140399049,5.39971001930812,0.520914380759089,3.6285996400898
3.91754555215861,7.14151063678537,0.945127947681599,5.06361905412207,1.16925226210211,4.27445182570538
4.07229223663146,7.16730009091741,1.24227336460903,6.13109234907788,1.17779110627387,4.23465687664694
2.63317932680899,6.80950334784606,1.21739747434011,8.71400697649961,0.81966682191673,4.62664180295063
3.85795600395408,4.52419573797606,1.10272450638087,6.86933112110458,0.785501777439768,4.60769514943928
4.52595896981165,5.6388048239598,0.883752089928384,6.33929296543255,0.818854038107983,3.7556300855555
3.98241636928721,4.87491345304617,0.846687712508945,6.04686267737968,0.489227460008005,4.0201310933271
3.32950064168816,5.34974819804486,1.17002183570929,6.17189504593303,1.40224153805281,4.49708393329311
3.00506772402545,4.59673060466199,0.831458247952231,6.047109964132,0.927875908779287,2.78350224676194
3.50505047813711,5.90482974389523,1.40178490219126,7.00529091594882,1.06864046734715,3.47926022874346
5.5427999799121,6.0608640337773,0.872330933275002,5.93898654790514,1.47372795620666,4.11785093968867
3.31421467302377,4.99916887224828,1.24450846325129,5.36095324307818,1.74522748569795,3.01079716550459
4.96125081616386,6.81024708354415,1.57693837042366,6.65477291000994,1.06705799663359,4.45973119895557
4.23056472382761,5.10792025587781,0.938964958221648,6.49338866497733,0.954291272361676,2.11918575145973
4.35358223248973,4.48600804927545,1.13577104884346,5.7619771595207,1.01187519383258,4.71525222336046
1.72024669761998,5.23072777976785,0.814004512948533,5.08788847514311,1.09497646787111,5.28705369840472
3.95446627167074,3.27010436831368,1.46976074203802,5.51339527703241,1.39543212658651,5.51439096386805
4.29493905969849,3.86851587594609,0.552519522869415,5.59800389383014,0.900215992356738,3.2081952117227
3.12727135856653,5.73658055916934,0.869558844335608,5.97519884805057,0.645470518004101,3.99849407389045
3.69126668867725,5.94173044785972,0.869061194757234,6.7093008752783,1.50410153149216,4.55065034798634
4.85208904918246,4.9096789857841,0.655312603278512,4.84679788016385,0.455365516119047,3.66514636361736
3.83466596201026,4.81274650062314,1.15866171495413,5.94371840756279,0.621683432767756,3.8867612358656
3.26850680418663,4.24913451825701,0.866368949989207,6.16606241030948,1.48884373564152,2.96497981555957
5.01496158246495,6.5169066904795,1.35879617501055,7.45682949000606,0.346729987554819,4.10201738149231
5.38420671606525,5.84370460984605,0.781004168849022,6.35560906323633,0.94001085272939,4.50481355186549
4.09728442643549,5.28651724368166,1.36277206376683,5.6562747485441,1.28103848952203,4.176888866679
