ID,SL_C21h0_1,SL_C21h0_2,SL_C21h0_3,SL_T21h2_1,SL_T21h2_2,SL_T21h2_3,SL_GAT21h2_1,SL_GAT21h2_2,SL_GAT21h2_3,SL_GAT21h4_1,SL_GAT21h4_2,SL_GAT21h4_3
Gene1,3.249199782,3.22221633,3.223356416,3.264209734,3.183953753,3.312324886,3.273569436,3.376897411,3.34561867,3.142027427,3.279545064,3.196860578
Gene2,3.364237022,3.434503677,3.379324464,3.371351994,3.358607963,3.416925939,3.454866942,3.358945127,3.45906195,3.383158878,3.401528355,3.391630164
Gene3,3.390190559,3.342413162,3.323812028,3.421784414,3.281948761,3.418940821,3.521365384,3.398971445,3.472673792,3.354529321,3.503611925,3.316814315
Gene4,3.717781979,3.765424259,3.802956605,3.752776924,3.746054659,3.784645232,3.762195866,3.728121566,3.883938642,3.658033501,3.677116015,3.699292859
Gene5,3.724565389,3.716666937,3.757193009,3.725925728,3.754786996,3.717499324,3.759567141,3.716342938,3.781023962,3.760438858,3.718050417,3.708041268
Gene6,3.835500553,3.896510617,3.845901348,3.832951702,3.960749299,3.863198725,3.911071872,3.844105154,3.930361607,3.845059959,3.877879248,3.956205092
Gene7,4.053759183,4.003049728,4.00465349,3.95223313,3.982388783,4.023536973,3.969519976,4.059334272,3.971729743,4.016764083,3.99135348,4.032696443
Gene8,4.076829096,4.118755634,4.028343248,4.013635284,4.063087939,4.027905961,4.024125952,4.082274595,4.183671581,3.994441424,4.030614497,4.040042581
Gene9,4.085215415,4.121602679,4.107355956,4.446680539,4.167596404,4.331799481,4.104938587,4.406671238,4.149530756,4.156364879,4.046224823,4.166313721
Gene10,4.08994476,4.137731609,4.061705897,4.160016422,4.025649293,4.212616579,4.181348919,4.121911449,4.104259513,3.90378536,4.121886066,4.057425912
Gene11,4.114337101,4.064842688,4.161894503,4.244766807,4.176748621,4.124062743,4.147457669,4.122414701,4.307921177,4.057733876,4.109451446,4.102520905
Gene12,4.137742401,4.251984074,4.147733321,4.249687213,4.144955957,4.21922759,4.156063167,4.181994398,4.281873324,4.226541812,4.162865889,4.273815129
Gene13,4.213313393,4.201219135,4.277708421,4.291398909,4.291723919,4.202494495,4.208490227,4.181431006,4.325276757,4.253694736,4.246074828,4.257824033
Gene14,4.22232969,4.170535122,4.284016145,4.227659557,4.14975391,4.24731981,4.208233111,4.208166088,4.296210558,4.116937078,4.17023863,4.196683036
Gene15,4.246082928,4.425035537,4.373451776,4.316016071,4.313152046,4.316137589,4.283123218,4.29470208,4.420990701,4.402649682,4.337595859,4.234424633
Gene16,4.251002087,4.276639861,4.200270015,4.295047632,4.236891556,4.296953819,4.243724605,4.294769645,4.489269151,4.181873027,4.267003892,4.262814558
Gene17,4.293030529,4.009342961,4.11131549,3.979518719,4.058932968,4.078289612,4.002312432,4.124277946,4.121832176,4.06937689,4.127084142,4.003429758
Gene18,4.302097175,4.287967445,4.253267346,4.304789343,4.268391711,4.271249656,4.268536965,4.269283922,4.446769065,4.255300788,4.374237986,4.272944381
Gene19,4.333346152,4.388326556,4.283186788,4.24632448,4.260885357,4.301245346,4.218309035,4.280575281,4.431313187,4.234806483,4.331029517,4.251656096
Gene20,4.338416343,4.449686441,4.417977691,4.380030069,4.287022459,4.63758845,4.37310452,4.380041261,4.60774461,4.331539928,4.367219207,4.45119273
Gene21,4.399947706,4.642924512,4.476232288,4.603157067,4.582285067,4.424609652,4.472091004,4.521927216,4.684366701,4.5479668,4.53231955,4.480599201
Gene22,4.498992704,4.465129261,4.43152189,4.412118299,4.497946193,4.449003036,4.478879686,4.446795122,4.528215279,4.452885969,4.529156355,4.516704863
Gene23,4.516424901,4.480007003,4.520746114,4.549318141,4.49736613,4.462165629,4.528225074,4.536016304,4.515428521,4.500232985,4.413457523,4.475814902
Gene24,4.538642255,4.608913703,4.676436819,4.554159895,4.573415733,4.542424589,4.654997153,4.688040422,4.973380608,4.553511016,4.548058515,4.562047799
Gene25,4.571783517,4.377874612,4.510267792,4.571511401,4.521087131,4.46241687,4.528320748,4.507064288,4.700360312,4.564065017,4.502866183,4.601723941
Gene26,4.577432422,4.560668006,4.525560636,4.592066275,4.521659969,4.616597951,4.485066196,4.596162329,4.750689193,4.501672174,4.53970476,4.613830164
Gene27,4.596217887,4.741672988,4.599603785,4.624721095,4.578159685,4.598924334,4.642328061,4.507818095,4.950612286,4.643981598,4.666235901,4.708678264
Gene28,4.651460104,4.688091096,4.653826136,4.644337872,4.685773237,4.653012458,4.777007675,4.611747551,4.972932513,4.441671553,4.518801615,4.478481099
Gene29,4.652778983,4.799778252,4.760566281,4.690264355,4.726260046,4.856337096,4.777512133,4.712771505,4.989657264,4.641073817,4.710391839,4.785835014
Gene30,4.656731286,4.817295673,4.625629968,4.716901411,4.722374452,4.773975381,4.66617676,4.786289641,4.999372394,4.719134714,4.689479656,4.731330762
Gene31,4.667011412,4.682378249,4.651760446,4.806084968,4.630345871,4.732681312,4.663431857,4.729634703,4.736359782,4.665064539,4.578117008,4.841424336
Gene32,4.784492387,4.747400974,4.765879661,4.691985134,4.729661811,4.718273597,4.786141025,4.666892163,5.008544057,4.654038574,4.727138092,4.650650915
Gene33,4.78819551,4.799712877,4.672694353,4.683621346,4.899385615,4.705910581,4.916238275,4.652549467,5.320205724,4.830553356,4.781422507,4.895064289
Gene34,4.825347308,4.972087285,4.932751267,5.008185578,5.075406307,4.917236669,5.124439767,4.884380441,5.256931486,4.867241046,4.90098363,4.918793996
Gene35,4.83735647,4.782145137,4.768072728,4.740836808,4.692701447,4.784334232,4.941913929,4.747083346,4.881268064,4.569484702,4.769488341,4.668323174
Gene36,4.964399006,4.972913215,5.007738844,5.125088047,5.117732062,5.204812376,4.927530145,4.987542418,5.073764802,5.31095705,5.203502783,5.270471063
Gene37,4.996911228,5.15070022,5.035284572,5.20903823,5.184530851,4.976916881,5.066015163,5.111319426,5.296121298,4.851463545,4.935082474,4.940104809
Gene38,5.007817496,5.000221891,5.247239642,4.928317724,5.05601333,5.002669174,5.092501272,5.057689289,5.588904407,4.971638811,5.052754835,4.976472139
Gene39,5.008698056,4.94042563,4.866820241,4.92670491,4.829666016,5.000865059,4.785583955,4.797976878,5.072790331,4.911306346,4.910320201,4.953256308
Gene40,5.013388232,5.2320957,5.096018396,5.415192005,5.424158286,5.315659885,5.396869849,5.11835791,5.277391908,5.139632898,5.309564273,5.029460286
Gene41,5.045570953,4.994763946,4.880649433,5.019626681,5.24971694,4.983130635,5.294712213,5.2734651,5.288890655,5.2653719,5.272361343,5.298283839
Gene42,5.081756668,5.043402971,5.191123365,5.154091893,5.071073252,5.090980915,5.120147636,5.130721092,5.389402355,4.994345453,4.992126605,5.022575309
Gene43,5.095987213,5.098803517,4.950856058,4.9963164,4.992597365,4.966061758,5.048531529,4.863411944,5.312404154,4.930676968,4.966769471,5.011136269
Gene44,5.114738894,4.996889651,5.15393738,4.943037506,5.007973939,4.957345737,5.166361562,4.910878342,4.983808793,5.168836389,5.164716778,5.311790189
Gene45,5.117237168,5.125932926,5.144580205,5.126775478,5.123424258,5.097321234,5.021218447,5.140130768,5.732576735,5.32600486,5.214562995,5.259045551
Gene46,5.121575696,5.146225273,5.208645177,5.228478957,5.143743643,5.304092153,5.185605689,5.174994751,5.43341999,5.252747937,5.233401929,5.243654648
Gene47,5.127211248,5.297823185,5.230888966,5.313795724,5.308264352,5.258773635,5.265435242,5.211053671,5.819363299,5.06644439,5.237363571,5.224785349
Gene48,5.175605277,5.280184377,5.214289918,5.206468687,5.148995311,5.059396966,5.209604788,5.36986282,5.57326686,5.222837737,5.155506729,5.223551903
Gene49,5.195720848,5.323315055,5.073402099,5.126265531,5.320031382,5.159048748,5.338849159,5.273356356,5.448494636,5.229188303,5.092002405,5.146109851
Gene50,5.230491799,5.318408333,5.125443744,5.283058261,5.303223281,5.22077139,5.321551195,5.135383617,5.636960448,5.28730322,5.232444927,5.275025867
Gene51,5.230814304,5.383328631,5.422996293,5.104756529,5.28158958,5.207385153,5.14457883,5.203551462,5.590988722,5.15781194,5.158690994,5.213576712
Gene52,5.236172486,5.528790165,5.373485862,5.390711716,5.470803192,5.384521679,5.527297306,5.579193847,5.539155038,5.066760326,5.271660982,5.168255092
Gene53,5.249550773,5.458388607,5.245337104,5.342025817,5.27036803,5.434914686,5.362735754,5.332153741,5.732482194,5.376103796,5.422736353,5.414279211
Gene54,5.253722404,5.147479925,5.137092809,5.118631556,5.171919387,5.078928664,5.220655614,5.104601985,5.397743484,5.325170427,5.357581211,5.33673763
Gene55,5.25491194,5.212729925,5.232013909,5.457797545,5.270060321,5.101579832,5.158125973,5.329321128,5.602964574,5.20934254,5.10707989,5.293462397
Gene56,5.260807639,5.419122748,5.451360853,5.26968696,5.313477124,5.408045898,5.367231256,5.284191813,5.743465233,5.403010781,5.581967638,5.407274797
Gene57,5.264433998,5.191885902,5.29228082,5.849289946,5.801227569,5.705831392,5.277820566,5.667378682,5.560266199,5.279978098,5.134389296,5.234843843
Gene58,5.290104147,5.316389628,5.265474767,5.279592295,5.299612761,5.372405343,5.320035149,5.274099102,5.709005649,5.157523066,5.028750132,5.060620859
Gene59,5.295274537,5.357857529,5.378184129,5.694078653,5.660311292,5.641684509,5.516237497,5.62343109,5.585697661,5.270057557,5.415003364,5.398920244
Gene60,5.301985726,5.263965362,5.340429532,5.961152515,5.585213306,5.625734315,6.062842243,5.811360683,6.021828496,5.452538105,5.486187257,5.568609148
Gene61,5.354000398,5.453682693,5.539409009,5.450460578,5.519778345,5.356468885,5.528462469,5.390949266,5.683644045,5.242273713,5.319700063,5.352593553
Gene62,5.389299459,5.346897575,5.294075357,5.330907216,5.274975177,5.350160012,5.273484156,5.276884254,5.24514968,5.410465585,5.377305205,5.304433044
Gene63,5.390004119,5.514190111,5.43898633,5.251691148,5.383065574,5.258364912,5.489658904,5.334681507,5.795508711,5.318195757,5.22509671,5.3544389
Gene64,5.425682098,5.42535009,5.471473116,5.505719744,5.436128775,5.456478995,5.32669827,5.366356107,5.531945667,5.542956736,5.366082261,5.470473325
Gene65,5.44552972,5.57170303,5.503097696,6.252668462,6.642899661,6.820179455,7.140785468,6.465189675,6.580521126,6.084104754,6.117998646,6.186516529
Gene66,5.448560773,5.514791188,5.276027529,5.418961126,5.488178942,5.409505561,5.533764707,5.490293438,5.593049495,5.400874053,5.444068091,5.439281797
Gene67,5.486469578,5.566161223,5.628261563,5.63698397,5.713937101,5.429134731,5.715770363,5.741868937,6.12816808,5.626495435,5.587096613,5.601604207
Gene68,5.4875052,5.453394131,5.448035961,5.287202772,5.397554192,5.267148681,5.255970049,5.356013183,5.231969898,5.347052332,5.204065587,5.430845218
Gene69,5.512009919,5.778710196,5.497027714,5.360674985,5.379210854,5.372225044,5.607640727,5.301256331,6.124723304,5.332725404,5.463972997,5.430358889
Gene70,5.530740967,5.782744268,5.620547094,5.834211183,5.959119618,5.817275303,5.908106212,5.907940195,6.059547873,5.546067261,5.599209507,5.595314967
Gene71,5.532362098,5.596909926,5.464101521,5.698328272,5.61890072,5.600332779,5.536581262,5.582598322,5.929324335,5.609557429,5.605756013,5.478783498
Gene72,5.537640782,5.540312688,5.632683035,5.662968695,5.570174675,5.566301325,5.8784151,5.480860991,5.916839551,5.345052876,5.378912825,5.422722602
Gene73,5.56348584,5.435031151,5.57852069,5.574372564,5.646572339,5.603288906,5.797265123,5.787077653,5.884540825,5.634565045,5.650459118,5.596291677
Gene74,5.577055801,5.678909328,5.525689926,5.732135531,5.629256092,5.850694917,5.689841775,5.666168607,6.090839377,5.649830921,5.482085198,5.526526115
Gene75,5.610227959,5.578511566,5.413298729,5.597087181,5.622278457,5.557346661,5.382841796,5.380052641,5.863694009,5.680466811,5.680340623,5.607831291
Gene76,5.612094788,5.819696622,5.712446184,5.776562219,6.045522555,6.010136959,6.535657582,6.450430149,6.136271802,5.931081133,5.999753434,6.10810973
Gene77,5.615441113,5.643951562,5.64867577,5.536173793,5.6172422,5.612133555,5.593501978,5.642619343,5.94001288,5.683584382,5.749748755,5.57877899
Gene78,5.643791263,5.550535835,5.501544283,5.528688283,5.610066451,5.566419757,5.547987917,5.523273459,5.953971406,6.006396876,5.895983735,5.978248341
Gene79,5.723492387,5.834073601,5.78377642,5.576137827,5.74562875,5.71337108,5.646321267,5.613203108,5.588508508,5.819576889,5.681343169,5.780529655
Gene80,5.72469456,5.904884451,6.059836658,6.014836394,5.704572028,5.831405492,6.508193449,6.315905144,6.47781812,6.944691504,6.738998437,6.510384319
Gene81,5.726182094,5.974516321,5.756039936,5.84873326,5.734148513,5.978591283,5.885670919,5.854316478,6.339539434,5.851337389,5.887739063,5.917529792
Gene82,5.748340218,6.041465902,5.743012547,5.760914012,5.628802602,5.659793772,5.790470333,5.690893952,6.088763128,5.878518777,5.794117992,5.725427971
Gene83,5.797098982,5.990710623,5.871705096,5.863629781,5.966650811,5.870230925,6.021170873,5.853852304,6.198808623,5.603017451,5.709449263,5.641639362
Gene84,5.80099278,5.984784171,5.77032422,5.751965405,5.911329403,6.080309291,5.992940399,5.969554304,6.391596218,5.833134772,5.815920544,5.895655717
Gene85,5.819323804,5.503388336,5.620318142,7.08642323,6.92684247,6.914505222,7.049946375,6.729831463,6.953907212,6.175386017,5.971982417,5.916642833
Gene86,5.831820905,5.674189616,5.691744646,5.646847862,5.683331068,5.611698845,5.764048654,5.647013859,6.046680193,5.613917526,5.756962278,5.727494252
Gene87,5.832690468,5.798454427,5.85063865,5.768726056,5.83009551,5.71461741,5.934942688,5.760534064,6.241762596,5.820251847,5.890052855,5.996347693
Gene88,5.841998802,5.82936342,5.735485808,5.712984523,5.716732776,5.859159334,5.606032779,5.699959351,5.723937914,5.728553925,5.760429463,5.812265821
Gene89,5.864956713,5.961404496,5.742873828,5.968376094,5.945949237,5.965463626,5.900455412,5.695230687,6.318839555,5.964774434,5.856106698,5.904908104
Gene90,5.868111994,5.775458428,5.849380115,6.387900662,5.956237408,6.132365635,5.854891529,5.958803863,5.972912305,5.866207774,5.741569246,5.748539737
Gene91,5.868558156,5.895710969,5.755541232,6.027811923,5.853775403,5.887228011,5.568644622,5.93084132,5.683276179,5.506655744,5.598584146,5.501717477
Gene92,5.912106269,5.944038294,5.881762264,5.909492284,6.053851723,5.903332087,5.959578179,5.766041334,6.355297195,5.778279494,5.964719673,5.916615572
Gene93,5.922663219,6.244132351,6.151673307,6.014025905,6.124883378,5.838956858,6.085226927,6.069820312,6.032776452,5.984264204,6.00280055,5.960989868
Gene94,5.937420066,6.010182401,5.795155569,5.639877588,5.687742794,5.705377513,5.472308349,5.475506816,5.569287392,5.741274642,5.598031224,5.810932798
Gene95,5.940081698,5.902348826,5.972019788,5.846220102,5.708677276,5.702534109,5.779078902,5.736351622,6.599981397,5.695705405,5.871132052,5.684952334
Gene96,5.950221814,6.128517756,6.05348986,6.079095226,6.162294748,6.009214044,6.010155562,5.913522958,6.356407594,6.113946666,6.05615814,5.939217559
Gene97,5.954300376,6.124259253,6.031388405,6.235269453,6.09602167,6.05529179,6.103022639,6.224431092,6.277216259,6.069585907,6.223187671,6.020887008
Gene98,5.966460994,6.146042369,5.84509009,6.033155042,6.395113656,6.037595837,6.281095782,6.309718783,6.288301516,5.760370554,5.894629665,5.771645891
Gene99,5.975956029,6.339792527,6.310210549,6.088795293,6.067461001,6.23268807,6.128969559,6.135178222,6.730856497,6.216788577,6.058998671,6.116437377
Gene100,5.985178519,5.876922678,5.953723175,6.188215451,6.091793704,6.142992386,6.520176352,6.262335289,6.219737329,6.26921916,6.210556764,6.130667328
Gene101,6.001656325,5.988606069,5.86065753,6.008614792,6.018260967,6.101492494,6.063460519,5.987098144,6.560392988,6.090555058,6.208097276,6.150198874
Gene102,6.007281123,6.069743657,5.851237234,5.696569386,5.769739503,5.884678486,5.645537341,5.625489249,5.735247031,5.961255226,5.869181517,6.044043951
Gene103,6.02302694,6.056501047,6.10687874,5.998810583,5.920588168,5.940741793,5.830316232,6.031993409,6.713051385,6.218994953,6.170209951,6.304744145
Gene104,6.028995353,6.168353739,6.233006704,6.869647571,6.430583975,6.383285967,6.651032038,6.699803142,6.713577895,6.17475232,6.081933216,6.12882703
Gene105,6.052468727,5.936758905,6.130354295,6.128203889,5.874937257,5.951959498,5.78911859,5.923879265,5.87202734,5.801689579,5.565815084,5.740720492
Gene106,6.060843465,6.091981465,6.188414632,6.332252728,6.253314189,6.151372398,6.335382219,6.256175928,6.29917286,6.215247437,6.056362982,6.160947077
Gene107,6.077646301,6.308838363,6.422686726,6.35711726,6.223817013,5.903202004,5.659737602,6.047345667,5.80972608,5.63895465,5.616493421,5.688909216
Gene108,6.079682654,6.307134519,5.979545102,6.219763123,6.113110252,6.035393573,6.101079483,6.007534584,6.906366908,6.415724451,6.014645328,6.361125382
Gene109,6.09126735,6.262528409,6.153562221,6.098799786,6.345206649,6.303042396,6.238172859,6.251614096,7.204992391,5.931431601,6.12862831,5.948209483
Gene110,6.093312708,6.247198014,6.136949425,6.678815176,6.592273863,6.540779389,6.757184293,6.358498643,6.417633735,6.451017562,6.426127468,6.4920107
Gene111,6.100774556,6.081821408,6.297073348,6.190340794,6.177988355,6.287326467,6.516131085,6.320081244,6.184649116,6.733946734,6.652472612,6.175069916
Gene112,6.107587243,6.089206857,5.998351324,6.031472596,5.988974298,6.072629875,6.144920156,6.087579806,6.644373038,6.008649598,6.026834162,6.148171647
Gene113,6.120405289,6.298747692,6.127464699,6.401699608,6.294098809,6.367002297,6.39409082,6.296973308,6.318344505,6.17774961,6.301762303,6.201445135
Gene114,6.129102658,6.044954072,6.11071403,6.021970246,6.049357792,5.938273151,6.153188934,6.151615835,5.9556816,6.077671945,5.946156312,6.156352221
Gene115,6.137988247,5.958667882,6.024033079,6.089465196,6.186705298,6.292496524,6.199380662,5.969315348,6.956530059,5.971895018,6.062188953,5.94286872
Gene116,6.15421809,6.312520866,6.224518545,6.429262923,6.438662375,6.44125549,6.512765882,6.225728648,6.375962043,6.300757844,6.369943156,6.229001909
Gene117,6.165971181,6.266243296,6.243937723,6.528614376,6.091579446,6.360424061,6.244756503,6.599992896,6.431465538,6.159885052,6.064177197,6.120215237
Gene118,6.173527628,6.133429473,6.321851008,6.12980539,6.081184487,6.174779109,6.909195132,6.281119105,6.264073342,7.007873931,7.013045758,6.28091796
Gene119,6.193326273,6.057853349,6.219036915,6.033658776,6.070742498,5.989744315,5.768571241,5.757404937,5.836561233,5.779897632,5.61922894,5.631965721
Gene120,6.20160326,6.210102816,6.187522032,6.446488066,6.277826789,6.176291232,6.223026128,6.208443984,6.199317624,6.273468011,6.293620462,6.250863613
Gene121,6.245006634,6.59581643,6.395217171,6.659965247,6.734321883,6.565297614,7.22366074,6.755975861,7.01430219,6.296586508,6.302439484,6.469667641
Gene122,6.259838951,6.445073488,6.1725629,6.339618603,6.40572944,6.234561729,6.401936838,6.154492654,6.854108053,6.372423503,6.440189213,6.422058934
Gene123,6.275583601,6.169490127,6.141554353,6.0322255,6.357711829,6.279570749,6.151352176,6.167847572,6.984125501,6.17979242,6.232202401,6.144091461
Gene124,6.277547061,6.522988889,6.363313609,6.543562842,6.416413605,6.3803142,6.512734295,6.479800398,7.009849979,6.381338197,6.359458246,6.49871779
Gene125,6.283363888,6.271629078,6.389435225,6.156312626,6.16096164,6.322154613,6.197153481,6.246226979,6.258204296,6.475957098,6.349968614,6.216660055
Gene126,6.284524708,6.1864872,6.338928885,6.435368478,6.211056427,6.395728583,6.501453755,6.397281066,6.331830183,6.603641937,6.586408156,6.503197694
Gene127,6.310404985,6.409732585,6.374179712,6.498659933,6.198990493,6.4143503,6.481385814,6.567854776,6.428916676,6.713850586,6.74694066,6.346263669
Gene128,6.322757759,6.22329629,6.448510757,8.301261586,7.780132438,7.860373883,8.015313115,8.096757463,7.925935114,6.557089273,6.424221581,6.457981573
Gene129,6.407376603,6.26581459,6.302112727,6.195541528,6.404192013,6.329827355,6.212268525,6.212158623,6.72629267,6.215741775,6.160182078,6.243745886
Gene130,6.413394035,6.648014333,6.53369576,6.497801332,6.555804166,6.540395758,6.610037366,6.409119851,7.372724513,6.692662634,6.721157907,6.631429804
Gene131,6.413640681,6.765191744,6.358215292,6.513293585,6.666232153,6.574130643,6.477957096,6.436747156,6.986239091,6.454911283,6.592850504,6.504608347
Gene132,6.438811188,6.306386285,6.44074314,6.262294447,6.198360072,6.081913623,6.155478892,6.108835737,6.174369816,6.158911123,6.04619005,6.030779176
Gene133,6.442313623,6.494665934,6.492018649,6.934323415,6.6427119,6.620609577,6.619396684,6.794912549,6.568772802,6.311095859,6.219615155,6.232193932
Gene134,6.491583172,6.636998121,6.499110317,6.470084534,6.572179724,6.452605123,6.6038503,6.533757756,7.302334375,6.607897485,6.710730349,7.033809917
Gene135,6.508387398,6.297470627,6.518916415,7.322536051,7.120244819,6.955426343,6.788463349,6.881987546,6.836560023,6.179448822,6.148454155,6.177707344
Gene136,6.522246015,6.433435324,6.448760879,6.35401612,6.245834384,6.264696654,6.185460872,6.329198788,6.163330367,6.379010646,6.447876806,6.497380506
Gene137,6.572665585,6.569967727,6.704610501,6.593103476,6.710762484,6.746148956,6.711415359,6.650101463,6.676410612,6.542254753,6.497088283,6.579703867
Gene138,6.575113194,6.690674554,6.593531868,6.672954685,6.582119053,6.600756447,6.708844646,6.768414854,6.793633559,6.61227373,6.593495911,6.828770067
Gene139,6.650452724,6.559447149,6.632134462,6.661216993,6.613069389,6.719309022,6.75308257,6.658311122,6.695360687,6.832888352,6.67790276,6.640627079
Gene140,6.656340033,6.758459282,6.633565635,6.734806096,6.577098363,6.868163513,6.556694602,6.383254663,7.304791671,6.474667365,6.525736598,6.524663242
Gene141,6.664540732,6.840560632,6.606064434,6.506759965,6.663388589,6.698842906,6.520616046,6.588271068,7.221610774,6.606910107,6.502372971,6.531248796
Gene142,6.689516504,6.838108699,6.587271019,6.6668182,6.714795228,6.553554242,6.896597186,6.829734897,7.046547915,6.21380533,6.272534645,6.426983295
Gene143,6.717768708,6.943096256,6.856158457,6.722580749,6.849992804,6.91798941,6.915789738,7.133774019,7.057081188,6.820904461,6.745026876,6.884307132
Gene144,6.729999986,7.005922599,6.816383584,7.40687699,7.415410672,7.526787456,7.822403656,7.268199416,7.426163364,7.460717241,7.253574801,7.486922343
Gene145,6.737146338,6.909842096,6.879244522,7.184876257,6.934920481,7.179998363,6.873189746,7.074652058,6.874921967,7.001663361,7.022435292,6.942066316
Gene146,6.752605615,6.524048716,6.479563113,6.236075317,6.652996884,6.499996116,6.581591019,6.58453972,6.530846195,6.605363678,6.261619319,6.092410187
Gene147,6.773236639,6.889628164,6.782319867,6.814339127,6.884183898,6.923664129,6.996585212,6.804924981,7.270886218,6.822924405,6.737817588,6.736583865
Gene148,6.780677667,6.644531003,6.718116063,6.611794769,6.538260461,6.472277088,6.126870517,6.119311909,6.159831384,6.336417731,6.21574836,6.158214965
Gene149,6.792444517,6.999600096,6.855683939,6.704725761,6.909211155,6.872236603,7.018333668,7.065873292,6.860424261,7.003228054,6.936936391,6.832582619
Gene150,6.797944569,6.965234795,6.972778189,6.853918541,7.014096622,6.868225567,6.988819262,6.845562094,7.548021509,6.931271823,6.877882589,6.768211113
Gene151,6.827874858,6.857058609,6.828367113,6.940179733,6.953279867,6.709682086,6.765743986,6.610205307,6.802501847,6.31873018,6.270532345,6.278244731
Gene152,6.838334348,6.907076518,6.83403938,6.5894089,6.774810643,6.761529193,6.641481861,6.571523798,7.695094902,6.678023069,6.788079354,6.531060047
Gene153,6.875972411,6.751829038,6.850063044,6.843473027,6.943594661,6.782452584,7.10879713,6.9397657,7.310664783,6.842968235,6.9188679,6.959787735
Gene154,6.884134108,6.779342401,7.042774723,9.159406041,8.686275375,8.750698219,8.952414237,8.937428757,8.80408148,7.24185133,7.137535383,7.137281371
Gene155,6.897927629,6.819524015,6.695420087,7.611980931,7.705317355,7.651493928,7.734832342,7.473954294,7.46811526,7.020116847,6.61540135,7.031802389
Gene156,6.89871194,6.827144298,6.864137587,7.934461846,7.717891129,7.825967951,7.756099703,7.725531651,7.777355578,6.853727063,6.860522704,6.587177154
Gene157,6.915358709,6.904811537,6.924885563,6.892814594,7.008719885,6.844377621,6.998974542,6.970886984,6.942389837,6.880911678,6.974870751,7.170094262
Gene158,6.922008153,7.060872196,6.95345369,7.1099665,6.961641611,6.958513464,7.200997137,6.824186114,7.361465011,6.986642847,7.085066557,6.938604272
Gene159,6.934769433,6.757786487,6.916486718,6.888625342,6.945792205,6.962810902,7.027020471,7.128383521,7.062698826,6.813074018,6.841280997,6.925503157
Gene160,6.934849011,6.91511299,6.745868252,6.988427627,7.147679725,6.822927638,7.023225794,6.815590322,7.420822953,6.871291807,6.774418876,6.814058898
Gene161,6.935527583,7.162839992,7.178453958,7.180797966,7.269884176,7.288794835,7.38250793,7.237115093,7.861753281,7.556323445,7.60507651,7.571789384
Gene162,6.940399391,7.007758654,6.973411729,7.084116204,7.075765746,7.053743718,7.28224086,7.017271348,7.233642825,7.058648986,6.937911592,7.130933452
Gene163,6.952994344,7.021991789,6.856757593,6.643119474,6.575566264,6.635307686,6.277642843,6.488504399,6.626812131,6.881219728,6.656060442,6.444359877
Gene164,6.958257362,6.872154887,6.733458554,7.695285919,7.737777074,7.649167839,7.933913002,7.624765591,7.80696622,7.578721598,7.39998759,7.488354152
Gene165,6.961052969,6.723738121,6.724139443,6.827918705,6.670679855,6.748862153,6.714826015,6.609140956,6.557547076,6.818132056,6.732088931,6.686126626
Gene166,6.971810417,7.023061651,6.908745588,6.597872265,6.745349657,6.574780677,6.24231272,6.266339246,6.222197439,6.100126227,5.977027558,6.265218772
Gene167,6.986767869,6.87440319,7.132724009,9.278021666,8.724751606,8.81403085,9.005525763,9.064035572,8.904273668,7.332038066,7.169395346,7.210686427
Gene168,6.999184265,6.904030559,6.720276963,6.884184426,6.883815875,6.833657124,6.859883565,6.762119228,7.394285164,6.913444346,6.995786118,6.801461177
Gene169,7.048910989,6.774943812,6.83178582,7.768611399,7.842558149,7.591181108,8.0620002,7.856607665,7.948336539,7.336747583,7.389652988,7.435105942
Gene170,7.061545211,7.168601997,6.98633482,6.952506457,7.102843168,7.09376008,7.183490217,6.838981899,7.657218253,6.937091929,6.973321752,6.889478262
Gene171,7.066425778,6.969965864,7.003597687,6.955854401,7.006947899,7.009963887,7.244249087,7.075900848,7.622025031,6.955453336,6.940317833,7.04347653
Gene172,7.067611401,7.10021262,7.129779892,6.934367159,7.015335656,6.934690379,6.750181127,6.977033943,6.977524585,7.063223701,6.997164344,6.927355607
Gene173,7.077583394,7.228478614,7.180825889,7.169159372,7.319115013,7.25739557,7.338583813,7.4578101,8.045557446,7.211496706,7.375807977,7.389926295
Gene174,7.092903862,7.226094914,7.337951291,7.383096406,7.336119528,7.284925624,7.476985699,7.433913188,7.643985213,7.113575105,7.086859495,7.298055962
Gene175,7.119027238,6.974208043,7.045086532,6.972389108,6.876550926,6.985647439,6.890778888,7.051628681,7.054259561,7.038564918,7.131508887,7.073152954
Gene176,7.126966618,7.228516095,7.189612044,7.206838982,7.331276584,7.187470798,7.164553258,7.118463706,8.276146379,7.423851074,7.468355765,7.319360854
Gene177,7.131221501,7.185156395,7.278280999,7.266509364,7.185300979,7.380540859,7.453072698,7.321364721,7.468108969,7.684599593,7.591407607,7.290925663
Gene178,7.13514783,7.272851273,7.102621786,7.174875653,7.153589408,7.18202019,7.296502803,7.320739491,7.281592397,7.083438074,7.112650008,7.12707052
Gene179,7.162671271,7.194735166,7.195759697,7.149481892,7.26085846,7.220547266,7.274409168,7.151261868,7.896887738,7.26977977,7.368392983,7.28160486
Gene180,7.170738256,7.092054679,7.068028486,6.751513165,6.649700411,6.971812878,6.860474657,6.757947613,6.893914657,7.316796186,7.220332733,7.238731807
Gene181,7.204258752,7.19694684,7.446931098,7.294777349,7.072901079,7.335195898,7.22660482,7.057455646,7.259357647,7.351677839,7.544480402,7.237877172
Gene182,7.206199304,7.172481803,7.132956721,7.012669765,7.153366086,7.184807399,7.119756795,6.936361869,7.891939547,7.306641773,7.199615285,7.012322426
Gene183,7.216029624,7.138938241,7.116043535,7.534897943,7.541018832,7.713041585,7.255539494,6.954315397,7.173886467,7.306473341,7.305760233,7.160498834
Gene184,7.267057358,6.941234439,7.130076964,7.214049411,7.173840322,7.080224145,7.388505755,6.972257667,7.112683983,6.920319328,6.982079801,7.079710608
Gene185,7.268261718,7.17156368,7.387468266,7.580242901,7.404341449,7.363909062,7.37362018,7.387454859,7.374843652,7.264783255,7.223704404,7.351017032
Gene186,7.274704499,6.999840765,7.246379377,6.857337614,6.760249072,6.923732975,6.763204514,6.849392805,6.933801924,7.322104425,7.189063773,7.122874735
Gene187,7.295178072,7.535011563,7.356065138,7.601483589,7.439166691,7.167327327,8.052007931,7.623905394,7.568952038,8.181516216,8.21837077,7.863103627
Gene188,7.301629997,7.357575836,7.167890102,7.556417707,7.480599763,7.458109203,7.290518772,7.23397431,7.381503342,7.513461096,7.490590704,7.398201208
Gene189,7.317771123,7.175650771,7.10825987,7.228721223,7.267979515,7.463417921,7.271465859,7.232257937,7.247660902,7.170078679,7.139982861,7.247076545
Gene190,7.328381532,7.445479296,7.347571074,7.303115695,7.612532218,7.436965824,7.39402766,7.660929903,7.500080813,7.353873527,7.458003936,7.521481148
Gene191,7.338594839,7.465219958,7.274774376,7.15462339,7.596398628,7.515831622,8.034641142,7.690282892,7.770537972,8.09106163,7.795724709,7.84737057
Gene192,7.362331136,7.409782601,7.394781484,7.95247092,7.662643546,7.50908082,7.452104448,7.791203979,7.431466661,7.111010389,7.209933251,7.192381565
Gene193,7.364591037,7.494341618,7.560908255,8.753404223,8.125075083,8.306707908,8.559972676,8.645689067,8.401683108,7.37705943,7.315054957,7.283826319
Gene194,7.377736703,7.204072643,7.450215763,7.593199807,7.320683482,7.406061129,7.308147097,7.319365747,7.361340054,7.282536845,7.354024515,7.464425954
Gene195,7.382797774,7.528679363,7.594008106,8.787305834,8.158238617,8.327811512,8.587128342,8.663342011,8.420757847,7.402043525,7.336260486,7.323039894
Gene196,7.383095428,7.275091696,7.188664482,7.474986236,7.463298142,7.528139208,7.599797281,7.449215685,7.486469176,7.310490495,7.461744795,7.430030564
Gene197,7.385006468,7.537317347,7.521423391,7.083107407,6.948009918,7.353620202,6.788389305,6.985041143,7.022349138,7.213763797,7.112491653,7.150069731
Gene198,7.421447288,7.360910854,7.503236934,7.867031496,7.743273457,7.625103028,7.697154836,7.549292144,7.854518233,7.581655785,7.582524597,7.632326894
Gene199,7.427533693,7.590617559,7.624915081,7.646829261,7.584234456,7.473544211,7.690178543,7.638784976,7.680059687,7.624577091,7.605635588,7.64609852
Gene200,7.444213753,7.191117155,7.49183065,7.643606524,7.800820472,7.838049426,7.295932094,7.241327729,7.341654219,7.323999357,7.357924922,7.470819805
Gene201,7.445197624,7.604853937,7.452849476,7.648860859,7.638935954,7.818114576,7.698997279,7.728996485,9.339038901,7.568863545,7.560503181,7.37070126
Gene202,7.456381769,7.561200369,7.578966127,7.434815327,7.492745,7.514739487,7.879523547,7.800771942,7.717249206,7.974337259,7.862034033,7.72412349
Gene203,7.468825204,7.273151303,7.188070218,7.876018618,7.81004746,7.897662685,7.893434076,7.8883226,7.827535133,7.988203398,7.600309808,7.971281697
Gene204,7.46997786,7.493207734,7.430761164,7.177201953,7.172428784,7.271417133,7.105141287,7.16989752,7.134497156,7.296243327,7.129290186,7.161214981
Gene205,7.475962279,7.53175172,7.530457204,7.47577262,7.554131026,7.621943439,7.43322523,7.443938698,7.323232215,7.394798052,7.269985664,7.303116203
Gene206,7.479745959,7.296084706,7.45539654,8.407413583,8.383756537,8.441750019,8.932441448,8.6201767,8.678539678,7.750036117,7.692944365,7.851895536
Gene207,7.48228378,7.526495559,7.507027983,7.697714464,7.59124927,7.586533397,7.475974315,7.486765412,7.436507232,7.252796073,7.154273881,7.325409144
Gene208,7.484031403,7.526311501,7.677581327,8.820332684,8.172218238,8.455940054,8.599100988,8.685549456,8.429906441,7.565265986,7.486642256,7.495286164
Gene209,7.485201123,7.313118176,7.223948487,7.913725371,7.858195157,7.943803228,7.916172813,7.921037053,7.866343185,8.021519133,7.638968997,8.001678633
Gene210,7.494790629,7.442746629,7.537584423,7.65503167,7.598121967,7.432850073,7.412614091,7.50689293,7.215544192,7.028836476,6.932833698,6.767203487
Gene211,7.497392647,7.264815357,7.47571391,8.169858691,7.835709747,7.84151018,7.630380567,8.096869036,7.659936471,7.053353166,6.930900048,6.935101365
Gene212,7.506215899,7.302747337,7.44275416,7.557809442,7.528439324,7.401508274,7.56158655,7.450968026,7.529272685,7.551007635,7.497104433,7.494119261
Gene213,7.509802622,7.636453546,7.617204215,7.578013469,7.526277962,7.65867385,7.224517553,7.439749859,7.226839821,6.910881298,6.833090162,6.838382073
Gene214,7.516875063,7.467037744,7.625998223,6.84182548,6.825239748,6.819021567,6.764946838,6.828387091,6.694385182,7.239528913,7.298282321,7.227289848
Gene215,7.522250807,7.684346245,7.749613643,7.551076643,7.268942741,7.030447297,6.929043387,7.180543624,6.990627584,7.005665237,6.704325419,6.856289628
Gene216,7.526061125,7.505499262,7.632948514,7.960327446,7.622381548,7.788321756,7.636093228,7.873148019,7.604430053,6.840976231,6.736361753,6.928086671
Gene217,7.546296742,7.52121155,7.583496018,7.395644047,7.611304563,7.513494105,7.460487679,7.656508785,7.54478404,7.454665826,7.60300344,7.617136839
Gene218,7.547028452,7.758382957,7.515012327,7.726047474,7.94988929,7.648177468,8.008607053,8.002927949,7.980937381,7.454416921,7.40409613,7.56209692
Gene219,7.55440163,7.734648582,7.695417679,7.881531679,7.878993942,7.880979675,7.880426469,7.794229747,8.10806935,7.906884659,7.754288743,7.769444192
Gene220,7.568923422,7.604785476,7.345282947,7.242970763,7.500098073,7.436203891,7.569763093,7.363185081,7.832675012,7.322807698,7.49580917,7.311519705
Gene221,7.574547552,7.613043651,7.794843421,7.611151398,7.547815786,7.534394443,7.710608142,7.67127761,7.823554626,7.833079279,7.915115466,7.774714831
Gene222,7.582343061,7.70855015,7.818298444,7.704527559,7.810435886,7.608496692,7.616227618,7.640959246,7.840047713,7.713384431,7.722803609,7.684763009
Gene223,7.582479617,7.484557397,7.471708819,7.603532523,7.846847224,7.703488026,7.824506887,7.707539687,7.860052494,7.535828948,7.827366194,7.555381869
Gene224,7.611559876,7.650317592,7.54300308,7.849089538,7.985209935,7.842638509,7.776014991,7.873729854,7.764722494,7.505238158,7.650260568,7.696948096
Gene225,7.614152468,7.70080763,7.773597725,7.72083276,7.79243402,7.594672814,7.750837211,7.639306486,7.809978799,7.553969652,7.594786015,7.681504368
Gene226,7.615867428,7.816134562,7.845225002,7.806482226,7.90264244,7.975546372,7.922350732,7.853778766,8.829014363,7.857906169,7.79236164,7.897985868
Gene227,7.626347328,7.595875877,7.426937623,7.731942367,7.693520892,7.730975064,7.644692776,7.701660984,7.753760315,7.636951898,7.588284993,7.648297848
Gene228,7.6318516,7.658647684,7.442966732,7.38752427,7.412858263,7.435421535,7.504133025,7.557024751,7.238725498,7.585317184,7.564441352,7.747970516
Gene229,7.637635375,7.687056987,7.674120214,7.583973621,7.684824285,7.64505314,7.746000962,7.51816222,8.574474254,7.288809896,7.481971523,7.266562772
Gene230,7.653900506,7.541228111,7.674065989,7.746454926,7.626920988,7.601613196,8.322012375,7.979698883,7.944730902,8.78194445,8.765964311,8.035650735
Gene231,7.674147373,7.764531186,7.834326273,7.773087024,7.772304745,7.804141492,7.626106581,7.504495165,8.503606005,7.76826026,7.724176576,7.577658822
Gene232,7.682378401,7.696706635,7.781936609,7.640531712,7.673511019,7.767774822,7.804312896,7.841726411,7.762172257,7.654630717,7.799091075,7.806473003
Gene233,7.701068746,7.624291825,7.685138896,7.49493858,7.424415085,7.63495291,7.50259107,7.576497103,7.582356825,7.815865528,7.811395027,7.749286237
Gene234,7.702161857,7.780909674,7.887325762,8.478364774,7.998165861,8.0152425,7.970493732,7.987772471,7.935787452,7.618752387,7.475073859,7.540619351
Gene235,7.706985793,7.699664785,7.631394479,7.647944064,7.637756934,7.665565469,7.66598948,7.667239917,8.29101391,7.900271383,7.844413497,7.912074352
Gene236,7.714354196,7.711102284,7.649112132,7.550369155,7.961112726,7.807932089,7.8450498,7.864945431,8.501034309,8.231327127,8.234964543,8.149022781
Gene237,7.721244637,7.756615879,7.67572254,7.696992921,7.850610303,7.698967541,7.699869252,7.578697897,8.316075773,7.633226246,7.596394725,7.541598311
Gene238,7.733152826,7.797154062,7.618085652,7.56575805,7.74290327,7.731131902,7.547606944,7.422384292,8.478137442,7.750057935,7.767686483,7.599144635
Gene239,7.735753338,7.759007002,7.610621655,7.516285631,7.683918982,7.66312174,7.598480054,7.487263179,8.221046002,7.726345549,7.443675236,7.553471705
Gene240,7.759911244,7.936289837,7.763799819,7.835435802,7.876418779,7.752630665,8.025892817,8.140025836,8.033953477,7.886169289,7.99672149,7.974771637
Gene241,7.768755905,7.560000381,7.798398375,7.933347327,7.515166047,7.466733577,7.289795348,7.64898553,7.409476946,7.116053957,7.075503473,7.275088063
Gene242,7.774802116,7.833841235,7.914136524,8.186651039,7.725112322,7.90167008,8.065108499,8.23619853,8.016487472,7.607469076,7.742628813,7.67140516
Gene243,7.777776168,8.002129439,8.108387064,8.008881371,8.027453082,8.008719196,8.133869452,8.203889435,8.241648621,7.9721868,8.061699499,8.05564702
Gene244,7.780404179,7.840368092,7.738187008,7.868785268,7.66556057,7.802924928,7.693993163,7.700834296,7.714410177,7.951354906,7.941340429,7.702559575
Gene245,7.783686117,7.794220309,7.844345846,8.063670206,8.203736984,7.931610079,8.103085496,8.264604646,8.146422925,8.002512908,7.987793973,7.993558668
Gene246,7.78772386,8.013834509,7.664512616,8.17282496,8.768914501,8.789738757,8.816746051,8.633671977,8.565783894,8.367055017,8.057959374,8.42374318
Gene247,7.802971917,7.829557112,7.892630462,7.995902654,7.913976062,7.970268148,8.017598124,8.111753447,8.183878807,7.729452094,7.788538386,8.078184405
Gene248,7.8123728,7.761558592,7.869392138,7.759153907,7.994365772,7.763526904,8.030343903,8.015817895,7.918080272,7.762876318,7.860922008,8.062116869
Gene249,7.813291096,7.857884976,7.850733806,8.022095484,8.143059847,8.00270395,8.485627628,8.301521312,8.224480625,8.205988973,7.983700124,8.098192473
Gene250,7.833644301,7.748755927,7.77764169,8.019278529,7.876526675,7.862084367,7.619609757,7.848494239,7.803387043,7.577727779,7.573403651,7.547926102
Gene251,7.843262227,7.866013898,7.822538298,7.661579973,7.550743499,7.427259617,7.690571198,7.676833828,7.801735388,7.826719562,7.698090748,7.622522824
Gene252,7.848616107,7.746469518,7.895266106,8.016384064,7.856873624,7.989951348,8.035445308,7.868603551,7.822300441,7.67702128,7.566874634,7.56523573
Gene253,7.848712661,7.908141533,7.967904354,7.663356599,7.56274125,7.774540436,7.231317822,7.575372076,7.324937616,7.607041325,7.619697541,7.592278592
Gene254,7.864048584,7.935953443,7.882336956,7.640418098,7.579347384,7.488283832,7.660317438,7.613965722,7.508232687,7.408043808,7.295546648,7.21241084
Gene255,7.864722739,7.861729694,7.639619767,7.756582119,7.810796341,7.744142331,7.741104806,7.601791365,8.236663404,7.760053131,7.686205727,7.606344893
Gene256,7.865815271,7.917334572,7.873428692,7.57173493,7.485179316,7.648715633,7.463813759,7.577086407,7.457935173,7.716173308,7.642576499,7.688899039
Gene257,7.867846411,7.963735938,7.913129875,8.007337168,8.076895835,8.033964704,8.432393601,8.276096483,8.161187421,8.623042014,8.112987539,8.030547065
Gene258,7.869706985,8.056847942,7.822886913,7.505474084,7.653328933,7.696342238,7.870055018,7.83397041,7.830024367,7.722062407,7.819302672,7.952254683
Gene259,7.874105391,8.189663108,8.10388077,8.063043035,8.186955088,8.325475051,8.232082306,8.297311507,9.088216746,8.03959293,8.071784168,8.210840231
Gene260,7.882592194,8.131841199,8.013586604,7.925370985,8.285114167,7.962584803,8.779157246,8.464098756,8.224208364,8.189619296,8.042558348,8.03193382
Gene261,7.886781014,7.719743259,7.876773126,7.847166876,8.058565191,7.96430683,8.002619627,8.047216743,7.864634072,7.768774745,7.799889349,7.934680193
Gene262,7.891890804,8.033997375,7.895337769,7.949879036,8.054605906,7.993420151,8.098673819,7.935390419,8.693166193,8.068683538,8.182992303,8.173713957
Gene263,7.899643085,7.948079373,7.820622629,7.811533542,7.763829235,7.827218973,7.825543492,7.77251107,8.499506579,7.721832531,7.746063998,7.607003171
Gene264,7.917687892,7.832459541,7.874035981,8.371008709,8.222966114,8.189351065,8.20502237,8.071564133,8.296836545,8.047197317,7.985806431,8.053907836
Gene265,7.918179246,7.995231549,7.927574157,7.979645917,7.896006092,7.940876507,7.994043281,7.712360857,8.973185254,7.774615637,7.885134001,7.74110005
Gene266,7.925483046,7.902461107,8.077972887,7.850435961,7.740073405,8.021141193,7.675070539,7.871351125,7.56091003,7.551693024,7.495079623,7.609166132
Gene267,7.926280733,8.201584188,8.060755323,8.101813086,7.946522023,8.106114094,8.184642533,7.946808881,8.05207027,8.072630994,8.197484236,8.004260308
Gene268,7.926653404,8.058128693,8.144533631,8.588344179,7.844521558,7.902271181,7.634504166,8.074233798,7.752783352,7.080518263,6.93878356,6.910638275
Gene269,7.926826755,7.879579133,7.833187522,7.910857678,7.89078337,7.93870635,7.752912475,7.971662799,7.890003196,7.797206422,7.744538743,7.802725768
Gene270,7.927378446,8.153639482,7.988954666,7.979036151,8.172624444,8.33013579,8.333767013,8.262851526,8.874976274,8.050286311,8.106772461,8.189960591
Gene271,7.935984762,7.874600157,7.932420879,7.94164636,7.949191997,7.797375646,7.974029718,8.019097828,8.000245703,7.819002348,7.826520182,7.972901516
Gene272,7.942313117,7.977189103,8.095064724,7.973298517,7.542859669,7.612737286,7.443646462,7.726353503,7.522506445,7.269096933,7.194556201,7.151745088
Gene273,7.948189523,8.237740738,8.330288263,9.218942647,8.387893125,8.251962605,8.102913605,8.506954618,8.378515657,7.784182813,7.847531986,7.556922787
Gene274,7.948930692,7.860504014,7.888686382,7.838513671,7.921487313,7.890026775,7.751420401,7.743864434,7.856437433,7.981854901,7.921595828,7.889932564
Gene275,7.948996193,7.982692252,7.909948037,7.668315256,7.766926615,7.701734924,7.564207652,7.538148496,7.60130154,7.747865179,7.705717798,7.687028398
Gene276,7.960338091,7.976649899,8.145640628,8.001195508,7.897616004,7.83283902,8.070943581,8.088895877,8.15853162,8.245823237,8.306850843,8.245895152
Gene277,7.963987112,8.013359045,7.898190193,8.16398445,7.994385413,8.063779881,8.003094255,7.835966299,7.78732828,7.485855982,7.539891182,7.205975114
Gene278,7.978351723,7.90104575,8.087766273,8.498595352,8.117197554,8.302319427,8.08755401,8.318830179,8.016392031,7.815761151,7.799652241,7.689387229
Gene279,7.990205154,8.091519608,8.193417316,8.285904074,7.939755747,7.887464133,7.388429109,8.120473805,7.489851477,7.409092849,7.37362062,7.281277198
Gene280,8.008654615,7.969374398,7.985824667,8.034423892,8.013331781,8.037317405,8.288160481,8.42539411,8.13637373,7.932412579,7.961152132,8.056890853
Gene281,8.011476229,7.990755917,7.939689309,8.040941917,8.078399852,8.128318231,8.149397622,8.221253363,8.165988844,8.021708484,8.016776217,8.18102972
Gene282,8.020800075,7.962358371,8.069676963,8.075346755,8.043486331,8.1034664,8.1623097,8.100547202,8.126576377,7.836546875,7.876673117,8.072859503
Gene283,8.032059838,7.936211809,7.948999724,7.876682714,8.102268301,8.176457447,8.145954581,8.330872317,8.177320108,7.924748189,8.021578064,8.155688614
Gene284,8.040450456,8.118673555,8.134538723,8.089084974,8.169441091,8.151461614,8.237142655,8.119336172,8.147216963,8.149429918,8.07955078,8.232264538
Gene285,8.060368483,8.108383987,8.28687144,8.40840618,8.216978519,8.290418699,8.417505495,8.230879948,8.412180198,8.261874194,8.418038594,8.196349376
Gene286,8.081493304,8.13783737,8.035769659,8.169106019,8.335574169,8.208900449,8.359607517,8.417098735,8.418289705,8.072883897,8.057963333,8.259776123
Gene287,8.081742809,8.291985466,8.189018128,8.26918409,8.309107466,8.295773393,8.540647896,8.49994285,8.547708885,8.345336274,8.343669918,8.479317949
Gene288,8.08220057,8.055789386,8.08247628,8.328441142,8.194192518,8.322900995,8.357448915,8.386250382,8.138658587,7.972960178,8.050495129,8.182295386
Gene289,8.089096992,8.062874486,8.242404341,8.39628864,8.196201597,8.189299606,8.155498239,8.233715501,8.203598109,8.087220606,8.121647659,8.131756898
Gene290,8.091496852,8.125184419,8.086676083,7.803126145,7.483597385,7.564120179,7.154230363,7.481474301,7.347221322,7.33515125,7.409379575,7.234916968
Gene291,8.09389939,8.309070377,8.203820642,8.288481845,8.328919975,8.3279732,8.556988235,8.515317789,8.566575233,8.373854122,8.355765606,8.513099698
Gene292,8.094279865,8.205699822,8.233866198,8.394092394,8.182917146,8.164145837,8.462750954,8.29954243,8.380647488,8.343065064,8.315712121,8.225442783
Gene293,8.099878252,7.98517918,7.97559404,7.569553481,7.737593547,7.698863382,7.615017184,7.499260029,7.684488756,7.880608992,7.949676569,7.92445798
Gene294,8.104971777,8.230929866,8.081549245,8.384103925,8.442859343,8.34568216,8.364000349,8.465273389,8.439513274,8.214946649,8.240178239,8.264674776
Gene295,8.108607004,7.941293846,7.830275134,9.012429658,8.538365811,8.956215421,9.164015266,8.863017815,8.90646828,8.111252111,8.24411893,8.438640491
Gene296,8.109213909,8.068836375,7.97427015,7.815723935,7.689928878,7.734282124,7.705846889,7.769459911,7.668541184,8.321472034,8.364014737,8.165938298
Gene297,8.124420668,7.926917381,7.923332503,8.560302011,8.358652065,8.559125761,8.689948049,8.435503706,8.533845719,8.00559458,8.10458346,8.233131768
Gene298,8.125178368,8.047561036,8.135194182,8.017765522,7.940731995,7.891563172,7.944585217,7.952851273,7.884450451,7.842434877,7.717755194,7.931025476
Gene299,8.127656518,8.061292605,7.814203085,8.106389905,8.238643928,8.12624712,8.106646751,8.251897842,8.075334183,7.966609139,8.076022212,8.146318843
Gene300,8.128601787,8.273615301,8.325162286,8.38967523,8.361552346,8.372420774,8.2614251,8.38693434,8.278273239,8.171390321,8.247044776,8.144066852
Gene301,8.155328029,8.033057992,8.207456585,7.96077619,8.019186644,8.144920396,7.947050235,7.972142596,7.974700201,8.14703572,8.264299033,8.198928282
Gene302,8.164334569,8.116689346,8.122784868,8.393084604,7.84470897,7.922410026,7.905380633,8.09082956,8.026048381,7.490834451,7.628818148,7.538778952
Gene303,8.171976245,8.285252554,8.100599161,8.212495421,8.416868251,8.12645553,8.415077223,8.503455819,8.362731742,8.272431648,8.317977004,8.371458795
Gene304,8.184103211,8.113233633,8.109558663,8.529495266,8.344357216,8.2743247,8.468488701,8.369585233,8.506475899,8.0086906,8.068681711,7.912651956
Gene305,8.184877526,8.444253699,8.212258524,8.40683364,8.514950461,8.552088668,8.209475341,8.381080632,8.377682101,8.304570147,8.11154191,8.233055682
Gene306,8.18746913,8.226139504,8.119690341,8.332761775,8.343652195,8.335014749,8.332108612,8.322500272,8.26063604,8.195603069,8.061492943,8.261731519
Gene307,8.187787415,8.204150672,8.05424784,8.190824645,8.076814725,8.134188545,8.281395582,8.281878651,8.282762732,8.145759812,8.050466065,8.284124629
Gene308,8.203001283,8.181102515,8.335094477,8.440518918,8.375900462,8.455313344,8.263257471,8.391435042,8.358092028,8.295126567,8.245599392,8.20154185
Gene309,8.22567663,8.216840569,8.174581181,8.344878735,8.441965816,8.245501745,8.459108867,8.532596524,8.47525755,8.310879924,8.320162246,8.456809778
Gene310,8.236889921,8.084188609,8.122697773,8.749398897,8.530168639,8.660438469,8.515880211,8.504456559,8.504960175,8.005736371,7.986522257,7.89675728
Gene311,8.24058466,8.121156398,8.186558005,8.66295432,8.650057254,8.77136757,8.872612115,8.717601153,8.901534186,8.329794582,8.194334244,8.310857849
Gene312,8.241298717,8.32461713,8.180208135,8.373289856,8.381649229,8.21016817,8.355825268,8.380642241,8.26006833,8.161949341,8.172090374,8.219680969
Gene313,8.247617961,8.514558344,8.591129678,9.337515314,8.600467995,8.433524078,8.312229927,8.663889218,8.536110476,8.011330612,8.024478253,7.874439936
Gene314,8.249665312,8.072390063,8.015754937,7.808562882,7.728835327,7.620091305,7.275749294,7.568208642,7.510485095,7.44163585,7.40606226,7.565646606
Gene315,8.259443356,8.132196304,8.053193329,7.862446473,7.925737503,7.930617782,7.778501662,7.759567536,7.88553878,8.029726816,7.959801409,8.184872739
Gene316,8.259542546,8.347926859,8.369035018,8.379997369,8.471902412,8.454783343,8.665521975,8.596101917,8.556004584,8.381906563,8.296567707,8.431036105
Gene317,8.265738,8.263278087,8.210912668,8.245052191,8.265233152,8.119210609,8.291333948,8.324670747,8.234638254,8.121799037,8.13369353,8.326200168
Gene318,8.271564169,8.147960544,8.136549949,8.272780126,8.293278206,8.261714288,8.359043394,8.452506517,8.395557229,8.213149816,8.168274294,8.335140186
Gene319,8.276522633,8.181059389,8.217822777,7.954231256,7.889753052,7.820613372,7.884604081,7.714144664,7.833716962,8.179584749,8.054485517,7.969351717
Gene320,8.2774612,8.332918652,8.23303762,8.399321972,8.436048893,8.417394578,8.588173427,8.600765303,8.600522339,8.468358553,8.468399203,8.532444464
Gene321,8.284705006,8.463825365,8.281580233,8.055435626,8.187848375,8.076236408,7.982025688,8.049014521,8.237186839,8.169414092,8.138058917,8.416624278
Gene322,8.294728173,8.315084247,8.186959876,8.443791933,8.422135844,8.411567225,8.512669324,8.645278331,8.568657503,8.379964863,8.31614566,8.449815728
Gene323,8.30519485,8.369153819,8.413453051,8.466583489,8.518082062,8.516925029,8.607536358,8.579858197,8.528194894,8.271018593,8.448924223,8.521127953
Gene324,8.315968567,8.165772384,8.287865567,8.414371688,8.213402895,8.337593772,8.117801721,8.116283599,8.069921223,8.235578335,8.184098467,8.129512112
Gene325,8.318776691,8.36203593,8.332858761,8.430933058,8.400719713,8.411965659,8.407558051,8.35642664,8.393618499,8.406937598,8.376926671,8.239748231
Gene326,8.319659219,8.316909043,8.395888235,8.344269868,8.303729339,8.180797193,8.654743537,8.516052382,8.530429763,8.785062913,8.742262892,8.609144752
Gene327,8.321600669,8.363160052,8.316381868,8.260639892,8.157841426,8.235066162,8.186126267,8.105515904,8.17036697,8.297999078,8.051971644,8.103357816
Gene328,8.330534444,8.110785528,8.171881072,8.481740464,8.440262524,8.395290303,8.503232673,8.508357391,8.562166053,8.21851163,8.222362514,8.347371166
Gene329,8.335010619,8.314503038,8.333091797,8.328558929,8.398400411,8.309024726,8.521679223,8.353831066,8.608435529,8.393850632,8.347425138,8.359867618
Gene330,8.340748608,8.263757391,8.168508976,8.345531519,8.407978664,8.45438325,8.401511305,8.513841418,8.455737925,8.320657609,8.311579653,8.393617899
Gene331,8.349223476,8.414553669,8.25351463,8.484787634,8.410139341,8.330602498,8.381722251,8.582197198,8.520782751,8.27044558,8.293615667,8.436436332
Gene332,8.349347463,8.203398299,8.115022655,8.120253683,8.286457499,8.126463665,8.221565894,8.305620666,8.278577935,8.350159972,8.270410341,8.498129764
Gene333,8.362335558,8.502235589,8.3053079,8.280014414,8.380392974,8.433687694,8.172523528,8.158141389,9.415983663,8.814560538,8.685882659,8.791447861
Gene334,8.371082769,8.548317394,8.403725221,8.303572481,8.404381514,8.449385894,8.449107831,8.558108698,8.450596813,8.378770854,8.39188831,8.421062261
Gene335,8.384564117,8.327950214,8.188332664,8.293538557,8.341013952,8.416186769,8.40853957,8.482129743,8.514027613,8.267064512,8.169907272,8.264274365
Gene336,8.385701429,8.266083143,8.231233962,8.311744502,8.438619442,8.387670829,8.512830735,8.584025864,8.463410084,8.290104129,8.315879874,8.425564912
Gene337,8.393046864,8.390456484,8.390257094,8.335284237,8.020373828,8.456159308,7.721721854,7.760656065,7.974372868,7.973182315,7.664510951,7.801149512
Gene338,8.411509545,8.368556035,8.482216896,8.589284595,8.629367087,8.579977108,8.586501218,8.641019227,8.63125995,8.592040466,8.491944606,8.551897303
Gene339,8.419048815,8.325044707,8.405099572,8.188565029,8.143387921,8.133948057,7.940488807,8.12127138,7.989657196,8.29933815,8.135910345,8.442699152
Gene340,8.421198117,8.526126294,8.479266774,8.454320747,8.328122054,8.444428848,8.340805639,8.398835698,8.428266329,8.611319845,8.690674982,8.630402081
Gene341,8.427678273,8.406182223,8.435545554,8.47376413,8.486631336,8.321022813,8.532296309,8.439896365,8.447614351,8.364454904,8.489208416,8.65096994
Gene342,8.431310578,8.419415814,8.47959049,8.546187619,8.719091909,8.670840285,8.651992322,8.608827888,8.705736757,8.434476164,8.450514321,8.553394265
Gene343,8.434723445,8.432053167,8.479787294,8.279492074,8.333057412,8.337825507,8.368434859,8.322325584,8.300310012,8.541008616,8.408323248,8.505518551
Gene344,8.434769148,8.536504381,8.496043397,8.534110292,8.295202012,8.479793603,8.468560931,8.50502195,8.53553986,8.56455602,8.645549023,8.605511385
Gene345,8.438181265,8.443140389,8.391783308,8.593671676,8.629522766,8.597967908,8.653896595,8.720726024,8.615457425,8.537697497,8.555494294,8.520396805
Gene346,8.44356087,8.41355013,8.517218818,8.23230466,8.34214018,8.201848195,8.167402628,8.25978751,8.241813887,8.420421045,8.576928604,8.373964963
Gene347,8.446297837,8.177029454,8.363482014,8.579233427,8.442711897,8.600548197,8.407718749,8.263098326,8.260887286,8.235753059,8.157317017,8.082354984
Gene348,8.453773455,8.574790251,8.405653008,8.530176779,8.4540661,8.593154672,8.500109936,8.132072892,9.387157988,8.494549247,8.498082826,8.295651103
Gene349,8.474010858,8.542316269,8.439768477,8.504045781,8.58866807,8.552294372,8.651646169,8.451038766,9.187967292,8.486153399,8.521022569,8.507435014
Gene350,8.47455342,8.298621648,8.32189514,9.480982938,9.180959298,9.196328936,9.244378324,9.116955872,9.007901495,8.776066586,8.799034148,8.663122697
Gene351,8.48002367,8.340511139,8.421136133,8.579613978,8.666512636,8.596150049,8.725494933,8.760519443,8.660084522,8.345625189,8.406231399,8.52485204
Gene352,8.492517848,8.729663395,8.29648901,9.297681682,9.600197917,9.528466757,9.413441893,9.459855226,9.361551515,8.909071833,8.641035737,8.994732804
Gene353,8.498870741,8.438373826,8.436924005,8.542967047,8.597090882,8.509640362,8.601289158,8.63206514,8.551390872,8.447708097,8.444309926,8.546416675
Gene354,8.50189999,8.314829569,8.623532782,8.602583518,8.370799734,8.362621192,8.102242684,8.353283289,8.176546012,8.035114428,8.094498917,8.073036621
Gene355,8.50234315,8.453374212,8.370365572,8.502415848,8.622727978,8.379762393,8.568835849,8.525705239,8.553891068,8.40634816,8.398326456,8.545960878
Gene356,8.509353835,8.499555302,8.622702325,8.480300336,8.405820008,8.589918424,8.463429208,8.406889102,8.701163831,8.564164067,8.505754739,8.422119568
Gene357,8.510930489,8.716945129,8.702967834,8.784784316,8.744403296,8.85112672,8.855359932,8.849368335,8.810837215,8.70464881,8.746270036,8.830003229
Gene358,8.513780341,8.578571111,8.398370212,8.586205962,8.789879734,8.669376104,8.719846905,8.853458642,9.311691279,8.500285883,8.648742526,8.748701004
Gene359,8.515241306,8.602520514,8.730256217,8.583360791,8.258824544,8.219375396,7.862287442,8.249207567,7.913188501,7.548806154,7.524980672,7.603031871
Gene360,8.547357783,8.505865548,8.455643102,9.040558778,9.189470274,9.209640711,9.571036436,9.223769557,9.329647039,9.164189306,8.7308483,8.952156166
Gene361,8.556181124,8.755401117,8.608637362,9.083831638,8.633752937,8.704082037,8.747189506,8.984269735,8.859446844,8.345237765,8.337438863,8.405383273
Gene362,8.558322035,8.613720798,8.541475729,8.496955811,8.71549313,8.62079167,8.840825523,8.873124493,8.863108048,8.565534358,8.628588561,8.825836822
Gene363,8.560701864,8.53968055,8.678704699,8.712314087,8.614752647,8.546552083,8.428880346,8.572950651,8.567714662,8.424424552,8.651331262,8.479212527
Gene364,8.561523606,8.604663148,8.57471546,8.556045037,8.374086737,8.409888501,8.279329541,8.437069889,8.367310332,8.235991462,8.222332,8.182399328
Gene365,8.568952216,8.498344433,8.577747446,8.498040848,8.712377323,8.695308653,8.490627721,8.315839112,9.684232956,8.923495046,8.947736374,8.750955561
Gene366,8.581501395,8.529672059,8.666267495,8.210075222,8.287318564,8.182615958,8.175169638,8.173382864,8.089657812,8.361848014,8.400696281,8.249334625
Gene367,8.583608348,8.431065363,8.256487237,8.485234906,8.581664447,8.487044885,8.492110612,8.63113382,8.545887315,8.386561027,8.433618283,8.412119686
Gene368,8.600682218,8.58947407,8.56544354,8.639135857,8.686966126,8.629312454,8.749204667,8.693825518,8.714634334,8.524968752,8.616668358,8.617527722
Gene369,8.607159685,8.785599247,8.737508246,8.84331909,8.803958982,8.75522232,8.85841691,8.829617146,8.864189039,8.708011161,8.739502955,8.758412162
Gene370,8.62009221,8.65843937,8.634371602,8.540496831,8.641563583,8.693891814,8.734775072,8.700053453,8.674908469,8.560941085,8.650544577,8.756209327
Gene371,8.628678976,8.656774782,8.625138088,8.765264279,8.801378871,8.816213247,8.919120871,9.006691017,8.900776256,8.152512639,8.512266844,8.537240285
Gene372,8.631710478,8.609485872,8.567031928,8.626936881,8.747575293,8.666416377,8.908527606,8.800286908,8.793175649,8.633665731,8.652127515,8.742774243
Gene373,8.641972434,8.705507896,8.705485979,8.749225896,8.890515723,8.665177942,8.959257807,8.9916298,8.902082126,8.700942654,8.754900402,8.98252427
Gene374,8.642793938,8.59724677,8.652654373,8.65309643,8.759901968,8.591270509,8.902813128,8.927571505,8.895866843,8.520104589,8.668590404,8.725012873
Gene375,8.651373183,8.642403719,8.708486021,8.675734793,8.610266023,8.754517831,8.64419011,8.674882831,8.901185744,8.694056282,8.767921199,8.683480929
Gene376,8.657412923,8.52013348,9.054119381,9.599385316,8.721367232,9.163530332,9.524673971,9.195037786,9.422588664,9.592057655,9.359203854,8.66559308
Gene377,8.661876764,8.656923992,8.770466913,8.582746227,8.51603957,8.562423986,8.577206986,8.73080046,8.455175225,8.297215629,8.227081715,8.344229656
Gene378,8.674675456,8.695714514,8.58396762,8.928551152,8.704700435,8.719229153,8.817523313,8.683490088,8.710695908,8.634891132,8.470409516,8.64990264
Gene379,8.678932802,8.721376321,8.53499999,9.186217659,9.020476295,9.028419872,8.748826842,8.891447882,8.738973742,8.213483787,8.130986065,8.163411588
Gene380,8.681161823,8.498965246,8.736496709,8.64505794,8.593353781,8.660355669,8.285780484,8.444682965,8.258872859,7.857769493,7.870155782,7.822411241
Gene381,8.681691771,8.500640551,8.538486536,8.396364106,8.490836654,8.310528037,8.652362374,8.363806527,8.420712746,8.470507483,8.610983873,8.637718729
Gene382,8.69704654,8.673258284,8.750454236,8.814758151,8.75170486,8.754709418,8.65447743,8.630168987,8.713805611,8.511570735,8.514613957,8.587072127
Gene383,8.697076396,8.87073912,8.755351189,8.594584682,8.943459019,8.632328789,9.326634329,9.06395544,8.929731371,8.926023708,8.75187406,8.820502096
Gene384,8.702814194,8.467735275,8.767158509,8.632230821,8.622793987,8.423582799,8.307769606,8.317077724,8.194621877,8.340318537,8.261331874,8.238421007
Gene385,8.722486376,8.777888333,8.706776574,8.806008031,8.803458916,8.720749009,8.730191757,8.783959904,8.667509076,8.561081713,8.514584607,8.423447946
Gene386,8.73273674,8.740191431,8.675491728,8.825893001,8.711781607,8.78848894,8.83105108,8.826690769,8.849382502,8.897833392,8.90345822,9.051529708
Gene387,8.734143911,8.718948142,8.733516901,8.795710645,8.842516317,8.919464692,8.897611686,8.944948135,8.923785326,8.763416257,8.786480631,8.892520721
Gene388,8.744362626,9.032627024,8.804628626,8.838492227,9.015465828,9.044635917,9.116917353,9.022406389,9.813769584,8.981984735,9.010760941,9.100133375
Gene389,8.746984835,8.73912148,8.793604268,8.730458748,8.767134093,8.883639935,8.580226983,8.4764004,8.533717303,8.757465114,8.757787828,8.853962117
Gene390,8.748280563,8.729970821,8.599394209,9.354395866,9.624234335,9.651473507,9.635190394,9.406094891,9.304951043,9.04587065,8.890409202,9.167090438
Gene391,8.755739982,8.98548299,8.898637312,9.553462626,9.286290415,9.505367144,9.648567855,9.517674868,9.337097669,8.488429334,8.384151985,8.401693942
Gene392,8.756615073,8.684356573,8.703846269,8.869321208,8.867989476,8.736637873,8.697594523,8.714981351,8.799293431,8.578130191,8.677972073,8.75054065
Gene393,8.75748839,8.719419511,8.731647856,8.775069134,8.803790561,8.893054038,8.853533332,8.77710128,8.872928457,8.912478822,8.946089145,8.778408729
Gene394,8.766893017,8.775261606,8.70812383,8.551605738,8.457507658,8.595790197,8.546775277,8.535869929,8.520097082,8.60729551,8.669619921,8.530182428
Gene395,8.777871562,8.649123243,8.760654024,9.207446497,9.170774196,9.133214024,9.23298521,9.17553639,9.255197827,8.97389041,8.987170046,9.12376985
Gene396,8.781846653,8.709690391,8.75770617,8.92839657,8.90366589,8.851613046,8.961674752,8.959774393,8.999812683,8.71191814,8.848213491,8.914689565
Gene397,8.78621649,8.714079898,8.769183083,8.813561366,8.843681071,8.773447155,8.815931817,8.850411213,8.845627764,8.652234542,8.733929687,8.667888816
Gene398,8.790165377,8.705816382,8.893950171,8.820921538,8.555927731,8.794696442,8.639817757,8.764760163,8.737878358,8.737826619,8.640009428,8.348911532
Gene399,8.790231956,8.71337841,8.771744464,8.983970729,8.96196382,8.924235047,9.181866918,9.131523706,9.153718259,8.948190497,8.964223111,9.057840274
Gene400,8.794423991,8.675872731,8.863781677,8.50278561,8.538491682,8.687707152,8.614426052,8.475888422,8.453140753,8.616467805,8.520511926,8.523443621
Gene401,8.795279687,8.904409686,8.848440568,8.874485834,8.929500959,8.942301484,8.84737036,8.788789313,8.778903195,8.803806704,8.857870102,8.955658103
Gene402,8.800011696,8.869776421,8.833677559,8.893710005,8.947062723,8.91715652,8.939031408,8.925512222,8.92617641,8.819668725,9.002611894,8.977427216
Gene403,8.800837582,8.670199446,8.813643444,9.140854682,9.074225576,9.130134073,9.138351462,9.036831356,9.088049038,8.802216524,8.703765906,8.719780857
Gene404,8.803495119,8.851326079,8.878419329,8.869409648,8.82444646,8.858582678,8.861184897,8.809184496,8.92812731,8.854597562,8.85981644,8.847827311
Gene405,8.807307858,8.972623882,8.939960913,9.520676351,8.991294722,9.03150467,8.944072722,9.24534277,8.987187323,8.545032409,8.445478178,8.459146901
Gene406,8.810234091,8.803980288,8.751970825,8.731099623,8.819963656,8.618983768,8.804488004,8.779416126,8.76408777,8.715476232,8.861986543,8.832099687
Gene407,8.811787106,8.931854009,8.906014416,8.847224131,8.972400445,8.945124868,8.892880519,8.95617382,8.974381198,8.759320578,8.963845967,9.011409831
Gene408,8.8186254,8.443241942,8.615474484,8.780647244,8.652451528,8.555841599,8.116267024,8.622858798,8.772653525,8.860505798,9.349081609,8.377659044
Gene409,8.833922098,8.777105,8.714740936,8.618378338,8.607591826,8.841561051,8.615933693,8.711697373,8.763120589,8.989670025,8.721378897,8.89858754
Gene410,8.835527737,8.842496321,8.852359647,9.203138152,9.243400905,9.310417017,9.5251363,9.124803971,9.223906807,9.237430527,9.189493401,9.095318845
Gene411,8.835871709,8.868099689,8.808712562,9.133370713,9.147612625,9.111261669,9.17987377,9.133754386,9.051053451,8.797535806,8.800216293,8.98325881
Gene412,8.846598542,8.812070916,8.711023835,9.174730888,9.326134489,9.247228021,9.149844352,9.286536798,9.23672994,8.802919446,8.94054256,8.995091059
Gene413,8.853625164,8.716067746,8.610909942,8.341445099,8.364460117,8.691367155,8.073167428,8.276561124,8.189149351,8.505593583,8.112636437,8.604533697
Gene414,8.861807336,8.856244121,8.710666437,8.916594769,8.827598289,8.78953803,8.663202574,8.743010905,8.674510985,8.766063279,8.847492834,8.671485972
Gene415,8.863186527,8.861958021,8.878897434,8.865240369,8.745720293,8.783116198,8.623692385,8.755340623,8.711586128,8.725408036,8.799655744,8.786456371
Gene416,8.866609666,8.77211746,8.786878275,9.016146847,8.810815449,8.951039927,8.808474473,8.877620281,8.79683528,8.406451957,8.38730262,8.441738916
Gene417,8.872969703,8.84679987,8.824701064,9.069647503,8.990647983,9.114251279,9.119912008,9.076790665,9.0904281,9.063576629,8.993884771,9.062743285
Gene418,8.873113104,8.899887738,9.020033395,8.875795673,8.824349475,8.816746336,8.76252588,8.833285844,8.765793591,8.831308924,8.858193861,8.704693152
Gene419,8.887969546,8.817824573,8.834547261,8.936748342,9.05134405,8.876285847,8.934826983,9.03562831,8.923637347,8.80491504,8.908823787,8.978185888
Gene420,8.890286099,9.092822588,9.022939799,9.628553692,9.391549606,9.590312375,9.726806518,9.586991224,9.426107027,8.658120933,8.560856489,8.563422296
Gene421,8.9058624,8.852246877,8.815272676,9.239369047,9.106860386,9.150539525,9.07953764,8.987126106,9.024192413,8.921677639,8.929776639,8.879406854
Gene422,8.911442948,8.884311802,8.819464908,8.784106217,8.993828488,8.78206291,8.989364079,9.056375971,9.002736008,8.86619242,8.899490235,9.020316246
Gene423,8.913102211,8.84445762,9.028666673,8.947617224,8.696912706,8.935124813,8.777064828,8.886125171,8.871006897,8.893541448,8.780658503,8.50276571
Gene424,8.932198324,8.998837409,9.045570409,9.062583268,8.931185618,9.07081817,9.034758395,8.943998655,9.023448686,8.908689223,8.879220721,8.837551455
Gene425,8.941129833,8.883508716,8.836145251,8.837996267,8.966742013,8.95549635,8.929730693,9.019820335,8.85410499,9.016317881,8.986431052,8.965008625
Gene426,8.943727882,8.776365547,9.103432087,9.091501602,8.757302338,9.088118281,8.652434642,8.805934844,8.916330007,8.8845856,9.010674077,8.624479395
Gene427,8.962340291,8.996866282,9.025396343,9.204161634,9.237455349,9.309400684,9.135044813,9.126798177,9.225418387,9.183137444,9.179686527,9.039639451
Gene428,8.979354163,8.902591152,8.9124262,9.024899025,9.048563278,9.089292549,9.178686653,8.980192686,9.296745457,9.003919258,9.010948628,8.974481546
Gene429,8.979470016,8.8281447,8.923456228,9.030457498,9.018682632,9.04446145,8.773981715,8.791130864,8.868104342,8.876334833,8.85811851,8.90175184
Gene430,8.989303312,8.943437118,8.881152928,8.943969703,9.011507864,8.942456564,9.090178134,9.057692983,8.955411442,8.990628403,8.977768674,8.981535311
Gene431,8.99807108,8.972634669,8.795698147,8.732881692,8.794526681,8.752955942,8.818371431,8.823822404,8.801435092,9.271304754,8.930397279,9.146810855
Gene432,8.999248614,8.872995686,8.718956912,8.864907709,8.99096324,8.895372206,8.969013753,9.012986563,9.006682153,8.828507403,8.914231553,8.952178389
Gene433,8.999590787,9.109699634,9.025241096,9.073709606,9.12543875,9.159842417,9.160052547,9.173627689,9.028568263,8.998026035,8.93371568,9.031983204
Gene434,9.008384442,8.840344671,9.041262179,9.423008583,9.198233048,9.301797958,9.27807541,9.181080293,9.138340046,8.766712507,8.609429037,8.645151834
Gene435,9.014003716,8.964913367,8.827377426,8.790010748,8.953532353,8.976136151,8.487131618,8.366769009,8.463417243,8.5333581,8.497418579,8.637780845
Gene436,9.017646713,9.072216162,9.165134676,8.818285297,8.593364851,8.601677879,8.327644778,8.586176526,8.269698131,8.139059031,8.087875576,8.188590055
Gene437,9.022620074,8.966225232,8.968023906,9.087665964,9.196301193,9.117922337,9.146370909,9.091232292,9.190188149,9.000076361,8.974663298,9.106490894
Gene438,9.026549834,8.924080652,8.953186587,8.938300616,8.97908625,8.924859225,9.053253841,9.118918488,9.011701262,9.038357261,9.030809121,9.057050386
Gene439,9.028522334,8.793969124,8.993421087,8.203677085,8.132432212,8.391760579,7.960622963,8.022656699,8.005077633,8.521413933,8.449366592,8.323106061
Gene440,9.029276557,9.118402178,9.008920576,9.127077379,9.200048245,9.155155705,9.374391843,9.389511568,9.292858011,9.027402077,9.172486417,9.277743438
Gene441,9.041793101,9.150225632,9.085557347,9.19531166,9.195158741,9.340413143,9.221964779,9.219122159,9.212275693,9.247404944,9.18427327,9.008521406
Gene442,9.044683815,9.230832377,8.976944101,8.496006915,8.569429842,8.609258427,8.428143059,8.491196444,8.45278135,8.702952419,8.641550463,8.771672542
Gene443,9.046830952,8.919786011,9.051157091,8.99742551,8.793186958,8.747833541,8.590034906,8.715614025,8.60053725,8.380091782,8.445821654,8.360217903
Gene444,9.051088694,9.141394699,9.101785859,8.966472241,8.986331966,8.905068545,9.040503684,9.077048894,8.950111425,9.054887972,9.19363265,9.172604997
Gene445,9.056582742,9.104901864,9.063857298,9.146381486,9.169052005,9.074574767,8.99996009,9.052812902,9.075977394,8.979150257,8.919022859,8.943985205
Gene446,9.059427124,9.024536666,9.097233768,8.656518677,8.611872368,8.827632414,8.57887135,8.568021668,8.662645597,8.77723447,8.744353432,8.588906845
Gene447,9.062407515,8.750812475,8.927749161,8.795817964,8.535379885,8.756030491,8.150525581,8.117962697,8.347262581,8.679006242,8.756026398,8.71246777
Gene448,9.070485403,9.075711898,9.020112036,9.21562028,9.316510657,9.209117715,9.438733275,9.399070559,9.363213635,9.118530102,9.123688149,9.301114357
Gene449,9.075444361,9.162461306,8.8692736,8.817180849,8.816201112,8.796016897,8.844935381,8.867463466,8.797731395,9.135971437,8.956484235,8.984588807
Gene450,9.10647689,9.036620769,9.010056118,8.931093611,8.940230603,8.9611202,8.798112556,8.781315849,8.772558847,8.938128474,8.948856407,8.929695946
Gene451,9.120047857,9.192842498,9.052418912,8.882422107,8.808774722,8.945137254,8.657335244,8.777348623,8.756625448,8.861420401,8.733471774,8.823177194
Gene452,9.122804363,9.120032524,9.001275896,9.288545944,9.27350483,9.275889734,9.235122813,9.200589736,9.174679888,9.12476256,9.105679173,9.248557808
Gene453,9.123264771,9.111101174,8.925815883,9.193418159,9.288271038,9.111259461,9.2263793,9.303777768,9.303341026,9.064077372,9.131192955,9.231699784
Gene454,9.1261374,9.217504411,9.133782933,9.223667989,9.214957726,9.12541495,9.240974704,9.329217744,9.152428204,9.165575671,9.091877006,9.121707576
Gene455,9.130486295,9.02445551,8.964026592,8.773806293,8.813580685,9.018479379,9.15080045,9.042267293,9.023088531,9.701348593,9.040270255,9.180000362
Gene456,9.146183118,9.146596438,9.234433229,9.282050379,9.188956959,9.198735672,9.360184976,9.244801102,9.15917839,9.344364751,9.253090838,9.327997852
Gene457,9.149120706,9.163236564,9.090177237,9.3517871,9.342935571,9.387173095,9.343540307,9.397454856,9.311258008,9.218203866,9.169174103,9.215555376
Gene458,9.159909336,9.140504222,9.085207916,9.182678014,9.099818277,9.256960571,9.183118254,9.192524613,9.268560509,9.214781561,9.065877727,9.147176915
Gene459,9.161592553,9.014034905,9.11438403,8.787533821,8.715063552,8.773859459,8.610131134,8.558786755,8.566468594,8.690274255,8.692779602,8.726958825
Gene460,9.175059411,9.220820658,9.254584141,9.144902995,9.303898346,9.193984307,9.223990531,9.340923095,9.2501331,9.209205769,9.382489421,9.297255422
Gene461,9.175642458,9.22272051,8.938242207,9.069960328,9.236703924,9.03191119,9.236383784,9.243096004,9.227155744,9.075130942,9.056370123,9.140654624
Gene462,9.178342425,9.191249635,9.189331647,9.25761708,9.222755907,9.291866398,9.308917359,9.306608516,9.218968395,9.040088393,9.131841239,9.214713058
Gene463,9.180878849,9.216562679,9.01385811,9.230882171,9.241326705,9.22746626,9.428715758,9.427244473,9.393700935,9.201826356,9.178691829,9.315730236
Gene464,9.194873858,9.038102106,9.070087299,9.237739623,9.24597172,9.117562763,9.246196229,9.312139571,9.326528144,9.169072306,9.133635102,9.2353769
Gene465,9.215687419,9.209052467,9.180944631,9.380907031,9.494294622,9.493085315,9.575683986,9.64032554,9.549654112,9.219980804,9.304679176,9.483926392
Gene466,9.215846765,9.249593973,9.352370098,9.589110236,9.453581292,9.683924428,9.748777041,9.662249546,9.549710096,9.68299438,9.491264779,9.426426708
Gene467,9.226846473,9.073150159,9.027995451,9.530202375,9.384815548,9.494860042,9.36207129,9.324037391,9.448992016,9.20505524,9.251211489,9.338094777
Gene468,9.228248252,9.292167091,9.253381944,9.304990821,9.375011079,9.359310842,9.410797437,9.537615152,9.440394326,9.245069418,9.253692651,9.416852609
Gene469,9.230920784,9.118872503,9.228903832,9.377018032,9.269076188,9.26958729,9.332382468,9.342718578,9.218277038,9.180625966,9.257897275,9.251350984
Gene470,9.236191954,9.108365748,9.129946289,9.281456572,9.291366276,9.346455697,9.433752379,9.394002042,9.348657375,9.272881461,9.195022301,9.391816468
Gene471,9.240182814,9.251506985,9.180146545,9.137431849,9.178053714,9.164889564,9.101661025,9.182755338,9.232455875,9.182366894,9.237284589,9.195555868
Gene472,9.260677797,9.197901202,9.220519815,9.234597478,9.423948629,9.144910188,9.288457813,9.293754787,9.333887097,9.225461028,9.245352849,9.283601777
Gene473,9.261317213,9.355801031,9.331173465,9.662935064,9.694085436,9.700115258,9.819181626,9.842194913,9.776683745,9.499620106,9.439016671,9.587807427
Gene474,9.262072465,9.289191174,9.35941889,9.494173458,9.566677727,9.609762125,9.299763291,9.329872129,9.410100015,9.276166157,9.245790148,9.204658851
Gene475,9.2643454,9.341494386,9.158950613,9.17301684,9.233995966,9.223024418,9.338847795,9.305168473,9.252769452,9.148151311,9.276584598,9.389659771
Gene476,9.266273676,9.163445103,9.28076601,9.422320842,9.199979876,9.358462951,9.338817656,9.341667641,9.414075264,9.349195019,9.22938673,9.119499566
Gene477,9.273740674,9.23923191,9.278668371,9.309460499,9.388573523,9.39932299,9.515853978,9.50407216,9.441952748,9.307020544,9.29529828,9.40573875
Gene478,9.273989585,9.326920497,9.218580153,9.039021449,9.021490903,9.136855754,8.886035766,8.967081247,8.937215579,9.2004884,9.089550911,9.188027425
Gene479,9.274462801,9.387647137,9.230582757,9.372978966,9.432935861,9.499103233,9.168301503,9.248538181,9.310702395,9.336891587,9.294645153,9.302409094
Gene480,9.278733158,9.249407505,9.252081325,9.700823843,9.640717155,9.639323827,9.377761814,9.420306959,9.296745881,9.112949689,8.97780551,9.08763472
Gene481,9.280467338,9.255695735,9.422026353,8.694818728,8.651832602,8.718985498,8.4429548,8.566867713,8.46436565,8.612700949,8.526522439,8.595819392
Gene482,9.287236016,9.155665664,9.289151221,8.978746473,9.097118023,9.048709077,8.971667443,8.992270781,8.980734402,9.317085616,9.262553064,9.197066107
Gene483,9.294113914,9.364969445,9.280028941,9.232720453,9.511326137,9.222765048,9.484478133,9.474233355,9.424420756,9.313961433,9.446251099,9.411352113
Gene484,9.299064025,9.314529757,9.269188445,9.442604312,9.457251776,9.509440846,9.475280069,9.505748371,9.462689929,9.280666232,9.322872095,9.34592396
Gene485,9.299694186,9.356221405,9.374814841,9.246776119,9.19225043,9.212817602,8.755967298,8.876174793,8.797228719,8.664670873,8.582824238,8.58669561
Gene486,9.300671745,9.479306259,9.368872818,9.037264427,9.102172032,9.055040611,8.934557335,8.79233797,8.873681658,9.230444276,9.36071866,9.09313507
Gene487,9.309846273,9.361939019,9.350000604,9.14324477,9.444812256,9.200555262,9.964666528,9.677723437,9.778201564,10.22402167,10.14219784,9.935960053
Gene488,9.316938899,9.417671888,9.386183004,9.459423426,9.41430554,9.411957012,9.171149354,9.228155743,9.139532066,9.292121113,9.218231309,9.167201225
Gene489,9.318051511,9.352874137,9.277828241,9.290910238,9.240457456,9.161478321,8.847977673,8.768471934,8.767199576,9.029849199,8.958505057,8.982121348
Gene490,9.319371085,9.172739712,9.278637524,9.130773156,8.895842646,8.89293635,8.709947523,8.865656159,8.8727371,8.698518321,8.52363178,8.505968778
Gene491,9.322717252,9.275071555,9.319786852,8.927900889,8.875364873,8.99943368,8.676088724,8.62221494,8.745298928,8.932404255,8.822117629,8.844134356
Gene492,9.324556112,9.293090107,9.427157599,9.141149448,8.958904205,9.048542937,9.039229499,9.167751424,9.146806811,9.330853145,9.448045898,9.123322626
Gene493,9.324619134,9.314147294,9.14293163,9.53730937,9.202532235,9.43811521,8.854063597,9.207174268,9.362369107,9.664889103,9.457789621,9.563721411
Gene494,9.329570804,9.364814806,9.232796984,9.333179632,9.430087284,9.353295146,9.397018394,9.448050502,9.422710106,9.29441638,9.442390588,9.407284277
Gene495,9.346212121,9.272372805,9.262153919,9.161680345,9.372556736,9.369218243,9.210708468,9.163266242,9.204248719,9.273533879,9.344298949,9.277418529
Gene496,9.34746005,9.378054448,9.334189284,9.36755962,9.390398605,9.323148984,9.315798355,9.408827014,9.418094477,9.330927729,9.32441467,9.410721028
Gene497,9.348135073,9.457516585,9.301173509,9.900994649,9.679474462,9.764262454,9.550058777,9.568762742,9.512533883,8.463943244,8.329763908,8.415029647
Gene498,9.350202535,9.274674342,9.28324756,9.300815548,9.43065557,9.371753856,9.387033082,9.530911963,9.464361659,9.235950745,9.211312876,9.405293682
Gene499,9.350635346,9.282686035,9.259922742,9.038930617,9.129011811,9.296732663,8.812493888,9.005977484,8.94385137,8.945357686,8.952693533,9.095503982
Gene500,9.35274175,9.23475484,9.363310135,9.30267295,9.25882082,9.47914319,8.696802255,8.878414036,8.832453002,9.090345445,8.937939508,9.063264124